kernel,config,latency,lut,dsp,ff,II,IL
atax,A_1_1_A_2_1_y_1_2__lp4_n_2_f,355.0,532.0,5.0,636.0,11.0,11.0
atax,A_1_1_A_2_4_x_1_1__lp2_n_1_f,579.0,491.0,5.0,518.0,9.0,9.0
atax,A_1_1_A_2_4_y_1_4__lp4_n_4_f,163.0,1498.0,20.0,2012.0,10.0,10.0
atax,A_1_1_A_2_1_y_1_4__lp4_n_4_f,211.0,592.0,5.0,777.0,13.0,13.0
atax,A_1_1_A_2_64_y_1_1__lp4_n_1_f,579.0,735.0,5.0,2596.0,9.0,9.0
atax,A_1_1_A_2_64_y_1_2__lp4_n_2_f,291.0,1338.0,10.0,3088.0,9.0,9.0
atax,A_1_1_A_2_64_y_1_4__lp4_n_4_f,147.0,2546.0,20.0,4059.0,9.0,9.0
atax,A_1_1_A_2_64_y_1_8__lp4_n_8_f,75.0,4886.0,40.0,5998.0,9.0,9.0
atax,A_1_1_A_2_64_y_1_16__lp4_n_16_f,39.0,9238.0,80.0,9869.0,9.0,9.0
atax,A_1_2_A_2_64_y_1_1__lp4_n_1_f,579.0,1026.0,5.0,4645.0,9.0,9.0
atax,A_1_2_A_2_64_y_1_2__lp4_n_2_f,291.0,1903.0,10.0,5137.0,9.0,9.0
atax,A_1_2_A_2_64_y_1_4__lp4_n_4_f,147.0,3639.0,20.0,6108.0,9.0,9.0
atax,A_1_2_A_2_64_y_1_8__lp4_n_8_f,75.0,6959.0,40.0,8047.0,9.0,9.0
atax,A_1_2_A_2_64_y_1_16__lp4_n_16_f,39.0,12943.0,80.0,11918.0,9.0,9.0
atax,A_1_1_A_2_8_x_1_1__lp2_n_1_f,579.0,514.0,5.0,519.0,9.0,9.0
atax,A_1_1_A_2_1_x_1_1__lp2_n_1_f,579.0,490.0,5.0,522.0,9.0,9.0
atax,A_1_1_A_2_8_y_1_8__lp4_n_8_f,83.0,2894.0,40.0,3951.0,10.0,10.0
atax,A_1_1_A_2_64_x_1_1__lp2_n_1_f,579.0,744.0,5.0,2564.0,9.0,9.0
atax,A_1_2_A_2_64_x_1_1__lp2_n_1_f,579.0,1035.0,5.0,4617.0,9.0,9.0
atax,A_1_1_A_2_1_y_1_8__lp4_n_8_f,139.0,721.0,5.0,916.0,17.0,17.0
atax,A_1_1_A_2_2_x_1_2__lp2_n_2_f,419.0,623.0,8.0,776.0,13.0,13.0
atax,A_1_1_A_2_2_y_1_1__lp4_n_1_f,643.0,471.0,5.0,550.0,10.0,10.0
atax,A_1_1_A_2_1_x_1_2__lp2_n_2_f,419.0,555.0,5.0,628.0,13.0,13.0
atax,A_1_1_A_2_4_x_1_2__lp2_n_2_f,419.0,651.0,8.0,778.0,13.0,13.0
atax,A_1_1_A_2_2_y_1_4__lp4_n_4_f,179.0,917.0,10.0,1180.0,11.0,11.0
atax,A_1_1_A_2_8_x_1_2__lp2_n_2_f,419.0,697.0,8.0,779.0,13.0,13.0
atax,A_1_1_A_2_2_y_1_8__lp4_n_8_f,107.0,1023.0,10.0,1445.0,13.0,13.0
atax,A_1_1_A_2_16_x_1_2__lp2_n_2_f,419.0,753.0,8.0,780.0,13.0,13.0
atax,A_1_1_A_2_2_y_1_16__lp4_n_16_f,71.0,1217.0,10.0,1712.0,17.0,17.0
atax,A_1_1_A_2_16_x_1_1__lp2_n_1_f,579.0,536.0,5.0,520.0,9.0,9.0
atax,A_1_2_A_2_2_x_1_2__lp2_n_2_f,419.0,650.0,8.0,786.0,13.0,13.0
atax,A_1_2_A_2_2_y_1_1__lp4_n_1_f,643.0,498.0,5.0,556.0,10.0,10.0
atax,A_1_2_A_2_1_x_1_2__lp2_n_2_f,419.0,595.0,5.0,669.0,13.0,13.0
atax,A_1_2_A_2_4_x_1_2__lp2_n_2_f,419.0,706.0,8.0,788.0,13.0,13.0
atax,A_1_2_A_2_2_y_1_4__lp4_n_4_f,179.0,990.0,10.0,1250.0,11.0,11.0
atax,A_1_1_A_2_16_y_1_16__lp4_n_16_f,43.0,5686.0,80.0,7822.0,10.0,10.0
atax,A_1_2_A_2_8_x_1_2__lp2_n_2_f,419.0,798.0,8.0,789.0,13.0,13.0
atax,A_1_2_A_2_2_y_1_8__lp4_n_8_f,107.0,1156.0,10.0,1643.0,13.0,13.0
atax,A_1_2_A_2_16_x_1_2__lp2_n_2_f,419.0,910.0,8.0,790.0,13.0,13.0
atax,A_1_2_A_2_2_y_1_16__lp4_n_16_f,71.0,1468.0,10.0,2166.0,17.0,17.0
atax,A_1_1_A_2_1_y_1_16__lp4_n_16_f,103.0,904.0,5.0,1187.0,25.0,25.0
atax,A_1_2_A_2_1_x_1_1__lp2_n_1_f,579.0,507.0,5.0,531.0,9.0,9.0
atax,A_1_2_A_2_1_y_1_1__lp4_n_1_f,643.0,498.0,5.0,560.0,10.0,10.0
atax,A_1_1_A_2_64_x_1_2__lp2_n_2_f,419.0,1161.0,8.0,2824.0,13.0,13.0
atax,A_1_2_A_2_64_x_1_2__lp2_n_2_f,419.0,1726.0,8.0,4877.0,13.0,13.0
atax,A_1_1_A_2_4_x_1_4__lp2_n_4_f,339.0,961.0,14.0,1232.0,21.0,21.0
atax,A_1_1_A_2_4_y_1_1__lp4_n_1_f,643.0,482.0,5.0,551.0,10.0,10.0
atax,A_1_1_A_2_1_x_1_4__lp2_n_4_f,339.0,665.0,5.0,736.0,21.0,21.0
atax,A_1_1_A_2_4_y_1_2__lp4_n_2_f,323.0,828.0,10.0,1048.0,10.0,10.0
atax,A_1_1_A_2_2_x_1_4__lp2_n_4_f,339.0,887.0,11.0,1081.0,21.0,21.0
atax,A_1_1_A_2_8_x_1_4__lp2_n_4_f,339.0,1097.0,14.0,1233.0,21.0,21.0
atax,A_1_1_A_2_4_y_1_8__lp4_n_8_f,91.0,1726.0,20.0,2280.0,11.0,11.0
atax,A_1_1_A_2_16_x_1_4__lp2_n_4_f,339.0,1221.0,14.0,1236.0,21.0,21.0
atax,A_1_1_A_2_4_y_1_16__lp4_n_16_f,55.0,1926.0,20.0,2801.0,13.0,13.0
atax,A_1_2_A_2_4_x_1_4__lp2_n_4_f,339.0,1006.0,14.0,1242.0,21.0,21.0
atax,A_1_2_A_2_4_y_1_1__lp4_n_1_f,643.0,520.0,5.0,557.0,10.0,10.0
atax,A_1_2_A_2_1_x_1_4__lp2_n_4_f,339.0,735.0,5.0,841.0,21.0,21.0
atax,A_1_2_A_2_4_y_1_2__lp4_n_2_f,323.0,883.0,10.0,1054.0,10.0,10.0
atax,A_1_2_A_2_2_x_1_4__lp2_n_4_f,339.0,960.0,11.0,1123.0,21.0,21.0
atax,A_1_2_A_2_8_x_1_4__lp2_n_4_f,339.0,1270.0,14.0,1243.0,21.0,21.0
atax,A_1_2_A_2_4_y_1_8__lp4_n_8_f,91.0,1863.0,20.0,2414.0,11.0,11.0
atax,A_1_2_A_2_2_x_1_1__lp2_n_1_f,579.0,507.0,5.0,527.0,9.0,9.0
atax,A_1_2_A_2_16_x_1_4__lp2_n_4_f,339.0,1526.0,14.0,1246.0,21.0,21.0
atax,A_1_2_A_2_4_y_1_16__lp4_n_16_f,55.0,2183.0,20.0,3191.0,13.0,13.0
atax,A_1_1_A_2_1_y_1_1__lp4_n_1_f,643.0,481.0,5.0,555.0,10.0,10.0
atax,A_1_2_A_2_2_y_1_2__lp4_n_2_f,323.0,827.0,10.0,1047.0,10.0,10.0
atax,A_1_2_A_2_1_y_1_2__lp4_n_2_f,355.0,572.0,5.0,673.0,11.0,11.0
atax,A_1_1_A_2_64_x_1_4__lp2_n_4_f,339.0,2009.0,14.0,3280.0,21.0,21.0
atax,A_1_2_A_2_64_x_1_4__lp2_n_4_f,339.0,3102.0,14.0,5333.0,21.0,21.0
atax,A_1_1_A_2_8_x_1_8__lp2_n_8_f,299.0,1079.0,14.0,1516.0,37.0,37.0
atax,A_1_1_A_2_8_y_1_1__lp4_n_1_f,643.0,505.0,5.0,552.0,10.0,10.0
atax,A_1_1_A_2_1_x_1_8__lp2_n_8_f,299.0,814.0,5.0,879.0,37.0,37.0
atax,A_1_1_A_2_8_y_1_2__lp4_n_2_f,323.0,874.0,10.0,1048.0,10.0,10.0
atax,A_1_1_A_2_2_x_1_8__lp2_n_8_f,299.0,1023.0,11.0,1224.0,37.0,37.0
atax,A_1_1_A_2_8_y_1_4__lp4_n_4_f,163.0,1634.0,20.0,2013.0,10.0,10.0
atax,A_1_1_A_2_4_x_1_8__lp2_n_8_f,299.0,1139.0,14.0,1393.0,37.0,37.0
atax,A_1_1_A_2_16_x_1_8__lp2_n_8_f,299.0,1474.0,17.0,1676.0,37.0,37.0
atax,A_1_1_A_2_8_y_1_16__lp4_n_16_f,47.0,3345.0,40.0,4474.0,11.0,11.0
atax,A_1_2_A_2_8_x_1_8__lp2_n_8_f,299.0,1290.0,17.0,1685.0,37.0,37.0
atax,A_1_2_A_2_8_y_1_1__lp4_n_1_f,643.0,566.0,5.0,558.0,10.0,10.0
atax,A_1_2_A_2_1_x_1_8__lp2_n_8_f,299.0,943.0,5.0,1112.0,37.0,37.0
atax,A_1_2_A_2_8_y_1_2__lp4_n_2_f,323.0,975.0,10.0,1054.0,10.0,10.0
atax,A_1_2_A_2_2_x_1_8__lp2_n_8_f,299.0,1156.0,11.0,1394.0,37.0,37.0
atax,A_1_2_A_2_8_y_1_4__lp4_n_4_f,163.0,1807.0,20.0,2019.0,10.0,10.0
atax,A_1_2_A_2_4_x_1_8__lp2_n_8_f,299.0,1276.0,14.0,1530.0,37.0,37.0
atax,A_1_2_A_2_16_x_1_8__lp2_n_8_f,299.0,1811.0,17.0,1685.0,37.0,37.0
atax,A_1_2_A_2_8_y_1_16__lp4_n_16_f,47.0,3610.0,40.0,4736.0,11.0,11.0
atax,A_1_2_A_2_4_x_1_1__lp2_n_1_f,579.0,529.0,5.0,528.0,9.0,9.0
atax,A_1_2_A_2_4_y_1_4__lp4_n_4_f,163.0,1543.0,20.0,2018.0,10.0,10.0
atax,A_1_1_A_2_64_x_1_8__lp2_n_8_f,299.0,3572.0,26.0,4192.0,37.0,37.0
atax,A_1_2_A_2_1_y_1_4__lp4_n_4_f,211.0,662.0,5.0,878.0,13.0,13.0
atax,A_1_2_A_2_64_x_1_8__lp2_n_8_f,299.0,5645.0,26.0,6245.0,37.0,37.0
atax,A_1_1_A_2_16_x_1_16__lp2_n_16_f,279.0,1336.0,14.0,2058.0,69.0,69.0
atax,A_1_1_A_2_16_y_1_1__lp4_n_1_f,643.0,527.0,5.0,553.0,10.0,10.0
atax,A_1_1_A_2_1_x_1_16__lp2_n_16_f,279.0,1147.0,5.0,1166.0,69.0,69.0
atax,A_1_1_A_2_16_y_1_2__lp4_n_2_f,323.0,930.0,10.0,1048.0,10.0,10.0
atax,A_1_1_A_2_2_x_1_16__lp2_n_16_f,279.0,1334.0,11.0,1511.0,69.0,69.0
atax,A_1_1_A_2_16_y_1_4__lp4_n_4_f,163.0,1758.0,20.0,2019.0,10.0,10.0
atax,A_1_1_A_2_4_x_1_16__lp2_n_16_f,279.0,1452.0,14.0,1698.0,69.0,69.0
atax,A_1_1_A_2_16_y_1_8__lp4_n_8_f,83.0,3159.0,40.0,3952.0,10.0,10.0
atax,A_1_1_A_2_8_x_1_16__lp2_n_16_f,279.0,1451.0,14.0,1814.0,69.0,69.0
atax,A_1_2_A_2_16_x_1_16__lp2_n_16_f,279.0,1629.0,17.0,2227.0,69.0,69.0
atax,A_1_1_A_2_2_x_1_1__lp2_n_1_f,579.0,480.0,5.0,517.0,9.0,9.0
atax,A_1_2_A_2_16_y_1_1__lp4_n_1_f,643.0,610.0,5.0,559.0,10.0,10.0
atax,A_1_2_A_2_1_x_1_16__lp2_n_16_f,279.0,1380.0,5.0,1655.0,69.0,69.0
atax,A_1_2_A_2_16_y_1_2__lp4_n_2_f,323.0,1087.0,10.0,1054.0,10.0,10.0
atax,A_1_2_A_2_2_x_1_16__lp2_n_16_f,279.0,1478.0,8.0,1809.0,69.0,69.0
atax,A_1_2_A_2_16_y_1_4__lp4_n_4_f,163.0,2063.0,20.0,2025.0,10.0,10.0
atax,A_1_2_A_2_4_x_1_16__lp2_n_16_f,279.0,1709.0,14.0,2089.0,69.0,69.0
atax,A_1_2_A_2_16_y_1_8__lp4_n_8_f,83.0,3496.0,40.0,3958.0,10.0,10.0
atax,A_1_2_A_2_8_x_1_16__lp2_n_16_f,279.0,1856.0,17.0,2238.0,69.0,69.0
atax,A_1_2_A_2_8_x_1_1__lp2_n_1_f,579.0,575.0,5.0,529.0,9.0,9.0
atax,A_1_1_A_2_64_x_1_16__lp2_n_16_f,279.0,6433.0,50.0,6016.0,69.0,69.0
atax,A_1_2_A_2_8_y_1_8__lp4_n_8_f,83.0,2975.0,40.0,3957.0,10.0,10.0
atax,A_1_2_A_2_64_x_1_16__lp2_n_16_f,279.0,10138.0,50.0,8069.0,69.0,69.0
atax,A_1_2_A_2_1_y_1_8__lp4_n_8_f,139.0,850.0,5.0,1145.0,17.0,17.0
atax,A_1_1_A_2_2_y_1_2__lp4_n_2_f,323.0,800.0,10.0,1041.0,10.0,10.0
atax,A_1_2_A_2_16_x_1_1__lp2_n_1_f,579.0,619.0,5.0,530.0,9.0,9.0
atax,A_1_2_A_2_16_y_1_16__lp4_n_16_f,43.0,5839.0,80.0,7828.0,10.0,10.0
atax,A_1_2_A_2_1_y_1_16__lp4_n_16_f,103.0,1137.0,5.0,1672.0,25.0,25.0
bicg,A_1_1_A_2_1_p_1_2__lp4_n_2_f,419.0,555.0,5.0,628.0,13.0,13.0
bicg,A_1_1_A_2_4_s_1_1__lp2_n_1_f,643.0,482.0,5.0,551.0,10.0,10.0
bicg,A_1_1_A_2_64_s_1_1__lp2_n_1_f,579.0,735.0,5.0,2596.0,9.0,9.0
bicg,A_1_1_A_2_4_p_1_4__lp4_n_4_f,339.0,961.0,14.0,1232.0,21.0,21.0
bicg,A_1_2_A_2_64_s_1_1__lp2_n_1_f,579.0,1017.0,5.0,4645.0,9.0,9.0
bicg,A_1_1_A_2_2_s_1_2__lp2_n_2_f,323.0,800.0,10.0,1041.0,10.0,10.0
bicg,A_1_1_A_2_2_p_1_1__lp4_n_1_f,579.0,480.0,5.0,517.0,9.0,9.0
bicg,A_1_1_A_2_1_s_1_2__lp2_n_2_f,355.0,532.0,5.0,636.0,11.0,11.0
bicg,A_1_1_A_2_4_s_1_2__lp2_n_2_f,323.0,828.0,10.0,1048.0,10.0,10.0
bicg,A_1_1_A_2_1_p_1_4__lp4_n_4_f,339.0,665.0,5.0,736.0,21.0,21.0
bicg,A_1_1_A_2_2_p_1_4__lp4_n_4_f,339.0,887.0,11.0,1081.0,21.0,21.0
bicg,A_1_1_A_2_8_s_1_2__lp2_n_2_f,323.0,874.0,10.0,1048.0,10.0,10.0
bicg,A_1_1_A_2_2_p_1_8__lp4_n_8_f,299.0,1023.0,11.0,1224.0,37.0,37.0
bicg,A_1_1_A_2_16_s_1_2__lp2_n_2_f,323.0,930.0,10.0,1048.0,10.0,10.0
bicg,A_1_1_A_2_2_p_1_16__lp4_n_16_f,279.0,1334.0,11.0,1511.0,69.0,69.0
bicg,A_1_2_A_2_2_s_1_2__lp2_n_2_f,323.0,818.0,10.0,1042.0,10.0,10.0
bicg,A_1_2_A_2_2_p_1_1__lp4_n_1_f,579.0,507.0,5.0,527.0,9.0,9.0
bicg,A_1_2_A_2_1_s_1_2__lp2_n_2_f,355.0,563.0,5.0,673.0,11.0,11.0
bicg,A_1_2_A_2_4_s_1_2__lp2_n_2_f,323.0,874.0,10.0,1049.0,10.0,10.0
bicg,A_1_1_A_2_8_s_1_1__lp2_n_1_f,643.0,505.0,5.0,552.0,10.0,10.0
bicg,A_1_2_A_2_2_p_1_4__lp4_n_4_f,339.0,960.0,11.0,1123.0,21.0,21.0
bicg,A_1_2_A_2_8_s_1_2__lp2_n_2_f,323.0,966.0,10.0,1049.0,10.0,10.0
bicg,A_1_2_A_2_2_p_1_8__lp4_n_8_f,299.0,1156.0,11.0,1394.0,37.0,37.0
bicg,A_1_2_A_2_16_s_1_2__lp2_n_2_f,323.0,1078.0,10.0,1049.0,10.0,10.0
bicg,A_1_2_A_2_2_p_1_16__lp4_n_16_f,279.0,1478.0,8.0,1809.0,69.0,69.0
bicg,A_1_1_A_2_1_s_1_1__lp2_n_1_f,643.0,481.0,5.0,555.0,10.0,10.0
bicg,A_1_1_A_2_8_p_1_8__lp4_n_8_f,299.0,1079.0,14.0,1516.0,37.0,37.0
bicg,A_1_1_A_2_1_p_1_8__lp4_n_8_f,299.0,814.0,5.0,879.0,37.0,37.0
bicg,A_1_1_A_2_64_s_1_2__lp2_n_2_f,291.0,1338.0,10.0,3088.0,9.0,9.0
bicg,A_1_2_A_2_64_s_1_2__lp2_n_2_f,291.0,1894.0,10.0,5137.0,9.0,9.0
bicg,A_1_1_A_2_4_s_1_4__lp2_n_4_f,163.0,1498.0,20.0,2012.0,10.0,10.0
bicg,A_1_1_A_2_4_p_1_1__lp4_n_1_f,579.0,491.0,5.0,518.0,9.0,9.0
bicg,A_1_1_A_2_1_s_1_4__lp2_n_4_f,211.0,592.0,5.0,777.0,13.0,13.0
bicg,A_1_1_A_2_16_s_1_1__lp2_n_1_f,643.0,527.0,5.0,553.0,10.0,10.0
bicg,A_1_1_A_2_4_p_1_2__lp4_n_2_f,419.0,651.0,8.0,778.0,13.0,13.0
bicg,A_1_1_A_2_2_s_1_4__lp2_n_4_f,179.0,917.0,10.0,1180.0,11.0,11.0
bicg,A_1_1_A_2_8_s_1_4__lp2_n_4_f,163.0,1634.0,20.0,2013.0,10.0,10.0
bicg,A_1_1_A_2_4_p_1_8__lp4_n_8_f,299.0,1139.0,14.0,1393.0,37.0,37.0
bicg,A_1_1_A_2_16_s_1_4__lp2_n_4_f,163.0,1758.0,20.0,2019.0,10.0,10.0
bicg,A_1_1_A_2_4_p_1_16__lp4_n_16_f,279.0,1452.0,14.0,1698.0,69.0,69.0
bicg,A_1_2_A_2_4_s_1_4__lp2_n_4_f,163.0,1534.0,20.0,2013.0,10.0,10.0
bicg,A_1_2_A_2_4_p_1_1__lp4_n_1_f,579.0,529.0,5.0,528.0,9.0,9.0
bicg,A_1_2_A_2_1_s_1_4__lp2_n_4_f,211.0,653.0,5.0,878.0,13.0,13.0
bicg,A_1_2_A_2_4_p_1_2__lp4_n_2_f,419.0,706.0,8.0,788.0,13.0,13.0
bicg,A_1_1_A_2_16_p_1_16__lp4_n_16_f,279.0,1336.0,14.0,2058.0,69.0,69.0
bicg,A_1_2_A_2_2_s_1_4__lp2_n_4_f,179.0,981.0,10.0,1250.0,11.0,11.0
bicg,A_1_2_A_2_8_s_1_4__lp2_n_4_f,163.0,1798.0,20.0,2014.0,10.0,10.0
bicg,A_1_2_A_2_4_p_1_8__lp4_n_8_f,299.0,1276.0,14.0,1530.0,37.0,37.0
bicg,A_1_2_A_2_16_s_1_4__lp2_n_4_f,163.0,2054.0,20.0,2020.0,10.0,10.0
bicg,A_1_2_A_2_4_p_1_16__lp4_n_16_f,279.0,1709.0,14.0,2089.0,69.0,69.0
bicg,A_1_1_A_2_1_p_1_16__lp4_n_16_f,279.0,1147.0,5.0,1166.0,69.0,69.0
bicg,A_1_2_A_2_1_s_1_1__lp2_n_1_f,643.0,489.0,5.0,560.0,10.0,10.0
bicg,A_1_1_A_2_64_s_1_4__lp2_n_4_f,147.0,2546.0,20.0,4059.0,9.0,9.0
bicg,A_1_2_A_2_64_s_1_4__lp2_n_4_f,147.0,3630.0,20.0,6108.0,9.0,9.0
bicg,A_1_1_A_2_8_s_1_8__lp2_n_8_f,83.0,2894.0,40.0,3951.0,10.0,10.0
bicg,A_1_1_A_2_8_p_1_1__lp4_n_1_f,579.0,514.0,5.0,519.0,9.0,9.0
bicg,A_1_1_A_2_1_s_1_8__lp2_n_8_f,139.0,721.0,5.0,916.0,17.0,17.0
bicg,A_1_2_A_2_1_p_1_1__lp4_n_1_f,579.0,507.0,5.0,531.0,9.0,9.0
bicg,A_1_1_A_2_8_p_1_2__lp4_n_2_f,419.0,697.0,8.0,779.0,13.0,13.0
bicg,A_1_1_A_2_2_s_1_8__lp2_n_8_f,107.0,1023.0,10.0,1445.0,13.0,13.0
bicg,A_1_1_A_2_8_p_1_4__lp4_n_4_f,339.0,1097.0,14.0,1233.0,21.0,21.0
bicg,A_1_1_A_2_4_s_1_8__lp2_n_8_f,91.0,1726.0,20.0,2280.0,11.0,11.0
bicg,A_1_1_A_2_16_s_1_8__lp2_n_8_f,83.0,3159.0,40.0,3952.0,10.0,10.0
bicg,A_1_1_A_2_8_p_1_16__lp4_n_16_f,279.0,1451.0,14.0,1814.0,69.0,69.0
bicg,A_1_2_A_2_8_s_1_8__lp2_n_8_f,83.0,2966.0,40.0,3952.0,10.0,10.0
bicg,A_1_2_A_2_8_p_1_1__lp4_n_1_f,579.0,575.0,5.0,529.0,9.0,9.0
bicg,A_1_2_A_2_1_s_1_8__lp2_n_8_f,139.0,841.0,5.0,1145.0,17.0,17.0
bicg,A_1_2_A_2_8_p_1_2__lp4_n_2_f,419.0,798.0,8.0,789.0,13.0,13.0
bicg,A_1_2_A_2_2_s_1_8__lp2_n_8_f,107.0,1147.0,10.0,1643.0,13.0,13.0
bicg,A_1_2_A_2_8_p_1_4__lp4_n_4_f,339.0,1270.0,14.0,1243.0,21.0,21.0
bicg,A_1_2_A_2_4_s_1_8__lp2_n_8_f,91.0,1854.0,20.0,2414.0,11.0,11.0
bicg,A_1_2_A_2_2_s_1_1__lp2_n_1_f,643.0,489.0,5.0,551.0,10.0,10.0
bicg,A_1_2_A_2_16_s_1_8__lp2_n_8_f,83.0,3487.0,40.0,3953.0,10.0,10.0
bicg,A_1_2_A_2_8_p_1_16__lp4_n_16_f,279.0,1856.0,17.0,2238.0,69.0,69.0
bicg,A_1_2_A_2_2_p_1_2__lp4_n_2_f,419.0,650.0,8.0,786.0,13.0,13.0
bicg,A_1_1_A_2_64_s_1_8__lp2_n_8_f,75.0,4886.0,40.0,5998.0,9.0,9.0
bicg,A_1_2_A_2_1_p_1_2__lp4_n_2_f,419.0,595.0,5.0,669.0,13.0,13.0
bicg,A_1_2_A_2_64_s_1_8__lp2_n_8_f,75.0,6950.0,40.0,8047.0,9.0,9.0
bicg,A_1_1_A_2_16_s_1_16__lp2_n_16_f,43.0,5686.0,80.0,7822.0,10.0,10.0
bicg,A_1_1_A_2_16_p_1_1__lp4_n_1_f,579.0,536.0,5.0,520.0,9.0,9.0
bicg,A_1_1_A_2_1_p_1_1__lp4_n_1_f,579.0,490.0,5.0,522.0,9.0,9.0
bicg,A_1_1_A_2_1_s_1_16__lp2_n_16_f,103.0,904.0,5.0,1187.0,25.0,25.0
bicg,A_1_1_A_2_16_p_1_2__lp4_n_2_f,419.0,753.0,8.0,780.0,13.0,13.0
bicg,A_1_1_A_2_2_s_1_16__lp2_n_16_f,71.0,1217.0,10.0,1712.0,17.0,17.0
bicg,A_1_1_A_2_16_p_1_4__lp4_n_4_f,339.0,1221.0,14.0,1236.0,21.0,21.0
bicg,A_1_1_A_2_4_s_1_16__lp2_n_16_f,55.0,1926.0,20.0,2801.0,13.0,13.0
bicg,A_1_1_A_2_16_p_1_8__lp4_n_8_f,299.0,1474.0,17.0,1676.0,37.0,37.0
bicg,A_1_1_A_2_8_s_1_16__lp2_n_16_f,47.0,3345.0,40.0,4474.0,11.0,11.0
bicg,A_1_2_A_2_16_s_1_16__lp2_n_16_f,43.0,5830.0,80.0,7823.0,10.0,10.0
bicg,A_1_2_A_2_16_p_1_1__lp4_n_1_f,579.0,619.0,5.0,530.0,9.0,9.0
bicg,A_1_2_A_2_1_s_1_16__lp2_n_16_f,103.0,1128.0,5.0,1672.0,25.0,25.0
bicg,A_1_2_A_2_16_p_1_2__lp4_n_2_f,419.0,910.0,8.0,790.0,13.0,13.0
bicg,A_1_2_A_2_2_s_1_16__lp2_n_16_f,71.0,1459.0,10.0,2166.0,17.0,17.0
bicg,A_1_2_A_2_16_p_1_4__lp4_n_4_f,339.0,1526.0,14.0,1246.0,21.0,21.0
bicg,A_1_2_A_2_4_s_1_16__lp2_n_16_f,55.0,2174.0,20.0,3191.0,13.0,13.0
bicg,A_1_2_A_2_4_s_1_1__lp2_n_1_f,643.0,511.0,5.0,552.0,10.0,10.0
bicg,A_1_2_A_2_16_p_1_8__lp4_n_8_f,299.0,1811.0,17.0,1685.0,37.0,37.0
bicg,A_1_2_A_2_8_s_1_16__lp2_n_16_f,47.0,3601.0,40.0,4736.0,11.0,11.0
bicg,A_1_2_A_2_4_p_1_4__lp4_n_4_f,339.0,1006.0,14.0,1242.0,21.0,21.0
bicg,A_1_1_A_2_64_s_1_16__lp2_n_16_f,39.0,9238.0,80.0,9869.0,9.0,9.0
bicg,A_1_2_A_2_1_p_1_4__lp4_n_4_f,339.0,735.0,5.0,841.0,21.0,21.0
bicg,A_1_2_A_2_64_s_1_16__lp2_n_16_f,39.0,12934.0,80.0,11918.0,9.0,9.0
bicg,A_1_2_A_2_8_s_1_1__lp2_n_1_f,643.0,557.0,5.0,553.0,10.0,10.0
bicg,A_1_2_A_2_8_p_1_8__lp4_n_8_f,299.0,1290.0,17.0,1685.0,37.0,37.0
bicg,A_1_2_A_2_1_p_1_8__lp4_n_8_f,299.0,943.0,5.0,1112.0,37.0,37.0
bicg,A_1_2_A_2_16_s_1_1__lp2_n_1_f,643.0,601.0,5.0,554.0,10.0,10.0
bicg,A_1_1_A_2_2_s_1_1__lp2_n_1_f,643.0,471.0,5.0,550.0,10.0,10.0
bicg,A_1_2_A_2_16_p_1_16__lp4_n_16_f,279.0,1629.0,17.0,2227.0,69.0,69.0
bicg,A_1_2_A_2_1_p_1_16__lp4_n_16_f,279.0,1380.0,5.0,1655.0,69.0,69.0
bicg,A_1_1_A_2_2_p_1_2__lp4_n_2_f,419.0,623.0,8.0,776.0,13.0,13.0
bicg,A_1_1_A_2_64_p_1_1__lp4_n_1_f,579.0,744.0,5.0,2564.0,9.0,9.0
bicg,A_1_1_A_2_64_p_1_2__lp4_n_2_f,419.0,1161.0,8.0,2824.0,13.0,13.0
bicg,A_1_1_A_2_64_p_1_4__lp4_n_4_f,339.0,2009.0,14.0,3280.0,21.0,21.0
bicg,A_1_1_A_2_64_p_1_8__lp4_n_8_f,299.0,3572.0,26.0,4192.0,37.0,37.0
bicg,A_1_1_A_2_64_p_1_16__lp4_n_16_f,279.0,6433.0,50.0,6016.0,69.0,69.0
bicg,A_1_2_A_2_64_p_1_1__lp4_n_1_f,579.0,1035.0,5.0,4617.0,9.0,9.0
bicg,A_1_2_A_2_64_p_1_2__lp4_n_2_f,419.0,1726.0,8.0,4877.0,13.0,13.0
bicg,A_1_2_A_2_64_p_1_4__lp4_n_4_f,339.0,3102.0,14.0,5333.0,21.0,21.0
bicg,A_1_2_A_2_64_p_1_8__lp4_n_8_f,299.0,5645.0,26.0,6245.0,37.0,37.0
bicg,A_1_2_A_2_64_p_1_16__lp4_n_16_f,279.0,10138.0,50.0,8069.0,69.0,69.0
gemm,C_1_2_C_2_64_B_2_1_B_1_2_A_2_2__lp5_n_2_f,516.0,1288.0,8.0,1437.0,16.0,16.0
gemm,C_1_2_C_2_64_B_2_1_B_1_4_A_2_4__lp5_n_4_f,388.0,1664.0,14.0,1891.0,24.0,24.0
gemm,C_1_2_C_2_64_B_2_1_B_1_8_A_2_8__lp5_n_8_f,324.0,1933.0,17.0,2371.0,40.0,40.0
gemm,C_1_2_C_2_64_B_2_1_B_1_16_A_2_16__lp5_n_16_f,292.0,2197.0,17.0,2911.0,72.0,72.0
gemm,C_1_2_C_2_64_B_2_2_B_1_1_A_2_1__lp5_n_1_f,772.0,1100.0,5.0,1195.0,12.0,12.0
gemm,C_1_2_C_2_64_B_2_2_B_1_2_A_2_2__lp5_n_2_f,516.0,1305.0,8.0,1436.0,16.0,16.0
gemm,C_1_2_C_2_64_B_2_2_B_1_4_A_2_4__lp5_n_4_f,388.0,1699.0,14.0,1890.0,24.0,24.0
gemm,C_1_2_C_2_64_B_2_2_B_1_8_A_2_8__lp5_n_8_f,324.0,2162.0,20.0,2529.0,40.0,40.0
gemm,C_1_2_C_2_64_B_2_2_B_1_16_A_2_16__lp5_n_16_f,292.0,2509.0,20.0,3069.0,72.0,72.0
gemm,C_1_1_C_2_1_B_2_1_B_1_4_A_2_4__lp5_n_4_f,387.0,1123.0,14.0,1273.0,24.0,24.0
gemm,C_1_1_C_2_2__lp2_n_2_f,194.0,350.0,6.0,429.0,6.0,6.0
gemm,C_1_1_C_2_2_B_2_1_B_1_1_A_2_1__lp5_n_1_f,771.0,564.0,5.0,566.0,12.0,12.0
gemm,C_1_1_C_2_1__lp2_n_2_f,226.0,302.0,3.0,251.0,7.0,7.0
gemm,C_1_1_C_2_2_B_2_1_B_1_2_A_2_2__lp5_n_2_f,515.0,756.0,8.0,830.0,16.0,16.0
gemm,C_1_1_C_2_2_B_2_1_B_1_4_A_2_4__lp5_n_4_f,387.0,1131.0,14.0,1284.0,24.0,24.0
gemm,C_1_1_C_2_2_B_2_1_B_1_8_A_2_8__lp5_n_8_f,323.0,1399.0,17.0,1764.0,40.0,40.0
gemm,C_1_1_C_2_1_B_2_1_B_1_8_A_2_8__lp5_n_8_f,323.0,1391.0,17.0,1753.0,40.0,40.0
gemm,C_1_1_C_2_2_B_2_1_B_1_16_A_2_16__lp5_n_16_f,291.0,1665.0,17.0,2304.0,72.0,72.0
gemm,C_1_1_C_2_4__lp2_n_4_f,98.0,620.0,12.0,831.0,6.0,6.0
gemm,C_1_1_C_2_4_B_2_1_B_1_1_A_2_1__lp5_n_1_f,771.0,574.0,5.0,585.0,12.0,12.0
gemm,C_1_1_C_2_1_B_2_1_B_1_16_A_2_16__lp5_n_16_f,291.0,1657.0,17.0,2293.0,72.0,72.0
gemm,C_1_1_C_2_1__lp2_n_4_f,146.0,372.0,3.0,274.0,9.0,9.0
gemm,C_1_1_C_2_4_B_2_1_B_1_2_A_2_2__lp5_n_2_f,515.0,766.0,8.0,849.0,16.0,16.0
gemm,C_1_1_C_2_4_B_2_1_B_1_4_A_2_4__lp5_n_4_f,387.0,1141.0,14.0,1303.0,24.0,24.0
gemm,C_1_1_C_2_4_B_2_1_B_1_8_A_2_8__lp5_n_8_f,323.0,1409.0,17.0,1783.0,40.0,40.0
gemm,C_1_1_C_2_4_B_2_1_B_1_16_A_2_16__lp5_n_16_f,291.0,1675.0,17.0,2323.0,72.0,72.0
gemm,C_1_1_C_2_4_B_2_2_B_1_1_A_2_1__lp5_n_1_f,771.0,582.0,5.0,607.0,12.0,12.0
gemm,C_1_1_C_2_2__lp2_n_4_f,194.0,489.0,6.0,460.0,12.0,12.0
gemm,C_1_1_C_2_2__lp2_n_1_f,386.0,235.0,3.0,245.0,6.0,6.0
gemm,C_1_1_C_2_4_B_2_2_B_1_2_A_2_2__lp5_n_2_f,515.0,783.0,8.0,848.0,16.0,16.0
gemm,C_1_1_C_2_4_B_2_2_B_1_4_A_2_4__lp5_n_4_f,387.0,1176.0,14.0,1302.0,24.0,24.0
gemm,C_1_1_C_2_4_B_2_2_B_1_8_A_2_8__lp5_n_8_f,323.0,1638.0,20.0,1941.0,40.0,40.0
gemm,C_1_1_C_2_1__lp2_n_1_f,386.0,245.0,3.0,233.0,6.0,6.0
gemm,C_1_1_C_2_4_B_2_2_B_1_16_A_2_16__lp5_n_16_f,291.0,1987.0,20.0,2481.0,72.0,72.0
gemm,C_1_1_C_2_2_B_2_2_B_1_1_A_2_1__lp5_n_1_f,771.0,572.0,5.0,587.0,12.0,12.0
gemm,C_1_1_C_2_1_B_2_2_B_1_1_A_2_1__lp5_n_1_f,771.0,564.0,5.0,577.0,12.0,12.0
gemm,C_1_1_C_2_8__lp2_n_8_f,50.0,1160.0,24.0,1631.0,6.0,6.0
gemm,C_1_1_C_2_8_B_2_1_B_1_1_A_2_1__lp5_n_1_f,772.0,596.0,5.0,619.0,12.0,12.0
gemm,C_1_1_C_2_1__lp2_n_8_f,106.0,494.0,3.0,318.0,13.0,13.0
gemm,C_1_1_C_2_8_B_2_1_B_1_2_A_2_2__lp5_n_2_f,516.0,792.0,8.0,883.0,16.0,16.0
gemm,C_1_1_C_2_8_B_2_1_B_1_4_A_2_4__lp5_n_4_f,388.0,1168.0,14.0,1337.0,24.0,24.0
gemm,C_1_1_C_2_8_B_2_1_B_1_8_A_2_8__lp5_n_8_f,324.0,1437.0,17.0,1817.0,40.0,40.0
gemm,C_1_1_C_2_8_B_2_1_B_1_16_A_2_16__lp5_n_16_f,292.0,1701.0,17.0,2357.0,72.0,72.0
gemm,C_1_1_C_2_8_B_2_2_B_1_1_A_2_1__lp5_n_1_f,772.0,604.0,5.0,641.0,12.0,12.0
gemm,C_1_1_C_2_2__lp2_n_8_f,194.0,660.0,6.0,510.0,24.0,24.0
gemm,C_1_1_C_2_8_B_2_2_B_1_2_A_2_2__lp5_n_2_f,516.0,809.0,8.0,882.0,16.0,16.0
gemm,C_1_1_C_2_8_B_2_2_B_1_4_A_2_4__lp5_n_4_f,388.0,1203.0,14.0,1336.0,24.0,24.0
gemm,C_1_1_C_2_2_B_2_2_B_1_2_A_2_2__lp5_n_2_f,515.0,773.0,8.0,828.0,16.0,16.0
gemm,C_1_1_C_2_8_B_2_2_B_1_8_A_2_8__lp5_n_8_f,324.0,1666.0,20.0,1975.0,40.0,40.0
gemm,C_1_1_C_2_8_B_2_2_B_1_16_A_2_16__lp5_n_16_f,292.0,2013.0,20.0,2515.0,72.0,72.0
gemm,C_1_1_C_2_1_B_2_2_B_1_2_A_2_2__lp5_n_2_f,515.0,765.0,8.0,818.0,16.0,16.0
gemm,C_1_1_C_2_16__lp2_n_16_f,26.0,2240.0,48.0,3223.0,6.0,6.0
gemm,C_1_1_C_2_16_B_2_1_B_1_1_A_2_1__lp5_n_1_f,772.0,617.0,5.0,676.0,12.0,12.0
gemm,C_1_1_C_2_1__lp2_n_16_f,86.0,721.0,3.0,402.0,21.0,21.0
gemm,C_1_1_C_2_2_B_2_2_B_1_4_A_2_4__lp5_n_4_f,387.0,1166.0,14.0,1282.0,24.0,24.0
gemm,C_1_1_C_2_16_B_2_1_B_1_2_A_2_2__lp5_n_2_f,516.0,813.0,8.0,940.0,16.0,16.0
gemm,C_1_1_C_2_16_B_2_1_B_1_4_A_2_4__lp5_n_4_f,388.0,1189.0,14.0,1394.0,24.0,24.0
gemm,C_1_1_C_2_16_B_2_1_B_1_8_A_2_8__lp5_n_8_f,324.0,1458.0,17.0,1874.0,40.0,40.0
gemm,C_1_1_C_2_16_B_2_1_B_1_16_A_2_16__lp5_n_16_f,292.0,1722.0,17.0,2414.0,72.0,72.0
gemm,C_1_1_C_2_16_B_2_2_B_1_1_A_2_1__lp5_n_1_f,772.0,625.0,5.0,698.0,12.0,12.0
gemm,C_1_1_C_2_2__lp2_n_16_f,194.0,959.0,6.0,606.0,48.0,48.0
gemm,C_1_1_C_2_16_B_2_2_B_1_2_A_2_2__lp5_n_2_f,516.0,830.0,8.0,939.0,16.0,16.0
gemm,C_1_1_C_2_16_B_2_2_B_1_4_A_2_4__lp5_n_4_f,388.0,1224.0,14.0,1393.0,24.0,24.0
gemm,C_1_1_C_2_16_B_2_2_B_1_8_A_2_8__lp5_n_8_f,324.0,1687.0,20.0,2032.0,40.0,40.0
gemm,C_1_1_C_2_16_B_2_2_B_1_16_A_2_16__lp5_n_16_f,292.0,2034.0,20.0,2572.0,72.0,72.0
gemm,C_1_1_C_2_1_B_2_2_B_1_4_A_2_4__lp5_n_4_f,387.0,1158.0,14.0,1272.0,24.0,24.0
gemm,C_1_1_C_2_2_B_2_2_B_1_8_A_2_8__lp5_n_8_f,323.0,1628.0,20.0,1921.0,40.0,40.0
gemm,C_1_2_C_2_1__lp2_n_1_f,386.0,253.0,3.0,250.0,6.0,6.0
gemm,C_1_2_C_2_1_B_2_1_B_1_1_A_2_1__lp5_n_1_f,771.0,564.0,5.0,566.0,12.0,12.0
gemm,C_1_2_C_2_1_B_2_1_B_1_2_A_2_2__lp5_n_2_f,515.0,756.0,8.0,818.0,16.0,16.0
gemm,C_1_2_C_2_1_B_2_1_B_1_4_A_2_4__lp5_n_4_f,387.0,1131.0,14.0,1283.0,24.0,24.0
gemm,C_1_1_C_2_1_B_2_2_B_1_8_A_2_8__lp5_n_8_f,323.0,1620.0,20.0,1911.0,40.0,40.0
gemm,C_1_2_C_2_1_B_2_1_B_1_8_A_2_8__lp5_n_8_f,323.0,1399.0,17.0,1763.0,40.0,40.0
gemm,C_1_2_C_2_1_B_2_1_B_1_16_A_2_16__lp5_n_16_f,291.0,1665.0,17.0,2303.0,72.0,72.0
gemm,C_1_2_C_2_2__lp2_n_1_f,386.0,253.0,3.0,264.0,6.0,6.0
gemm,C_1_2_C_2_2_B_2_2_B_1_1_A_2_1__lp5_n_1_f,771.0,589.0,5.0,606.0,12.0,12.0
gemm,C_1_2_C_2_1_B_2_2_B_1_1_A_2_1__lp5_n_1_f,771.0,572.0,5.0,588.0,12.0,12.0
gemm,C_1_2_C_2_2_B_2_2_B_1_2_A_2_2__lp5_n_2_f,515.0,790.0,8.0,846.0,16.0,16.0
gemm,C_1_2_C_2_1_B_2_2_B_1_2_A_2_2__lp5_n_2_f,515.0,773.0,8.0,828.0,16.0,16.0
gemm,C_1_2_C_2_2_B_2_2_B_1_4_A_2_4__lp5_n_4_f,387.0,1183.0,14.0,1300.0,24.0,24.0
gemm,C_1_2_C_2_1_B_2_2_B_1_4_A_2_4__lp5_n_4_f,387.0,1166.0,14.0,1282.0,24.0,24.0
gemm,C_1_2_C_2_2_B_2_2_B_1_8_A_2_8__lp5_n_8_f,323.0,1645.0,20.0,1939.0,40.0,40.0
gemm,C_1_2_C_2_1_B_2_2_B_1_8_A_2_8__lp5_n_8_f,323.0,1628.0,20.0,1921.0,40.0,40.0
gemm,C_1_1_C_2_2_B_2_2_B_1_16_A_2_16__lp5_n_16_f,291.0,1977.0,20.0,2461.0,72.0,72.0
gemm,C_1_2_C_2_2_B_2_2_B_1_16_A_2_16__lp5_n_16_f,291.0,1994.0,20.0,2479.0,72.0,72.0
gemm,C_1_2_C_2_1_B_2_2_B_1_16_A_2_16__lp5_n_16_f,291.0,1977.0,20.0,2461.0,72.0,72.0
gemm,C_1_1_C_2_1_B_2_2_B_1_16_A_2_16__lp5_n_16_f,291.0,1969.0,20.0,2451.0,72.0,72.0
gemm,C_1_1_C_2_1_B_2_1_B_1_1_A_2_1__lp5_n_1_f,771.0,556.0,5.0,555.0,12.0,12.0
gemm,C_1_2_C_2_2__lp2_n_2_f,354.0,269.0,3.0,325.0,11.0,11.0
gemm,C_1_2_C_2_2_B_2_1_B_1_1_A_2_1__lp5_n_1_f,771.0,581.0,5.0,585.0,12.0,12.0
gemm,C_1_2_C_2_1__lp2_n_2_f,226.0,361.0,3.0,333.0,7.0,7.0
gemm,C_1_2_C_2_2_B_2_1_B_1_2_A_2_2__lp5_n_2_f,515.0,773.0,8.0,837.0,16.0,16.0
gemm,C_1_2_C_2_2_B_2_1_B_1_4_A_2_4__lp5_n_4_f,387.0,1148.0,14.0,1302.0,24.0,24.0
gemm,C_1_2_C_2_2_B_2_1_B_1_8_A_2_8__lp5_n_8_f,323.0,1416.0,17.0,1782.0,40.0,40.0
gemm,C_1_2_C_2_2_B_2_1_B_1_16_A_2_16__lp5_n_16_f,291.0,1682.0,17.0,2322.0,72.0,72.0
gemm,C_1_2_C_2_4__lp2_n_4_f,338.0,350.0,3.0,495.0,21.0,21.0
gemm,C_1_2_C_2_4_B_2_1_B_1_1_A_2_1__lp5_n_1_f,771.0,602.0,5.0,618.0,12.0,12.0
gemm,C_1_2_C_2_1__lp2_n_4_f,178.0,749.0,9.0,767.0,11.0,11.0
gemm,C_1_2_C_2_4_B_2_1_B_1_2_A_2_2__lp5_n_2_f,515.0,794.0,8.0,870.0,16.0,16.0
gemm,C_1_2_C_2_4_B_2_1_B_1_4_A_2_4__lp5_n_4_f,387.0,1169.0,14.0,1335.0,24.0,24.0
gemm,C_1_2_C_2_4_B_2_1_B_1_8_A_2_8__lp5_n_8_f,323.0,1437.0,17.0,1815.0,40.0,40.0
gemm,C_1_2_C_2_4_B_2_1_B_1_16_A_2_16__lp5_n_16_f,291.0,1703.0,17.0,2355.0,72.0,72.0
gemm,C_1_2_C_2_4_B_2_2_B_1_1_A_2_1__lp5_n_1_f,771.0,610.0,5.0,640.0,12.0,12.0
gemm,C_1_2_C_2_2__lp2_n_4_f,338.0,523.0,3.0,509.0,21.0,21.0
gemm,C_1_2_C_2_4_B_2_2_B_1_2_A_2_2__lp5_n_2_f,515.0,811.0,8.0,880.0,16.0,16.0
gemm,C_1_2_C_2_4_B_2_2_B_1_4_A_2_4__lp5_n_4_f,387.0,1204.0,14.0,1334.0,24.0,24.0
gemm,C_1_2_C_2_4_B_2_2_B_1_8_A_2_8__lp5_n_8_f,323.0,1666.0,20.0,1973.0,40.0,40.0
gemm,C_1_2_C_2_4_B_2_2_B_1_16_A_2_16__lp5_n_16_f,291.0,2015.0,20.0,2513.0,72.0,72.0
gemm,C_1_2_C_2_8__lp2_n_8_f,330.0,489.0,3.0,835.0,41.0,41.0
gemm,C_1_2_C_2_8_B_2_1_B_1_1_A_2_1__lp5_n_1_f,772.0,647.0,5.0,676.0,12.0,12.0
gemm,C_1_2_C_2_1__lp2_n_8_f,154.0,1557.0,21.0,1619.0,19.0,19.0
gemm,C_1_2_C_2_8_B_2_1_B_1_2_A_2_2__lp5_n_2_f,516.0,843.0,8.0,928.0,16.0,16.0
gemm,C_1_2_C_2_8_B_2_1_B_1_4_A_2_4__lp5_n_4_f,388.0,1219.0,14.0,1393.0,24.0,24.0
gemm,C_1_2_C_2_8_B_2_1_B_1_8_A_2_8__lp5_n_8_f,324.0,1488.0,17.0,1873.0,40.0,40.0
gemm,C_1_2_C_2_8_B_2_1_B_1_16_A_2_16__lp5_n_16_f,292.0,1752.0,17.0,2413.0,72.0,72.0
gemm,C_1_2_C_2_8_B_2_2_B_1_1_A_2_1__lp5_n_1_f,772.0,655.0,5.0,698.0,12.0,12.0
gemm,C_1_2_C_2_2__lp2_n_8_f,330.0,816.0,3.0,853.0,41.0,41.0
gemm,C_1_2_C_2_8_B_2_2_B_1_2_A_2_2__lp5_n_2_f,516.0,860.0,8.0,938.0,16.0,16.0
gemm,C_1_2_C_2_8_B_2_2_B_1_4_A_2_4__lp5_n_4_f,388.0,1254.0,14.0,1392.0,24.0,24.0
gemm,C_1_2_C_2_8_B_2_2_B_1_8_A_2_8__lp5_n_8_f,324.0,1717.0,20.0,2031.0,40.0,40.0
gemm,C_1_2_C_2_8_B_2_2_B_1_16_A_2_16__lp5_n_16_f,292.0,2064.0,20.0,2571.0,72.0,72.0
gemm,C_1_2_C_2_16__lp2_n_16_f,326.0,833.0,3.0,1482.0,81.0,81.0
gemm,C_1_2_C_2_16_B_2_1_B_1_1_A_2_1__lp5_n_1_f,772.0,690.0,5.0,773.0,12.0,12.0
gemm,C_1_2_C_2_1__lp2_n_16_f,142.0,3043.0,45.0,3315.0,35.0,35.0
gemm,C_1_2_C_2_16_B_2_1_B_1_2_A_2_2__lp5_n_2_f,516.0,886.0,8.0,1025.0,16.0,16.0
gemm,C_1_2_C_2_16_B_2_1_B_1_4_A_2_4__lp5_n_4_f,388.0,1262.0,14.0,1490.0,24.0,24.0
gemm,C_1_2_C_2_16_B_2_1_B_1_8_A_2_8__lp5_n_8_f,324.0,1531.0,17.0,1970.0,40.0,40.0
gemm,C_1_2_C_2_16_B_2_1_B_1_16_A_2_16__lp5_n_16_f,292.0,1795.0,17.0,2510.0,72.0,72.0
gemm,C_1_2_C_2_16_B_2_2_B_1_1_A_2_1__lp5_n_1_f,772.0,698.0,5.0,795.0,12.0,12.0
gemm,C_1_2_C_2_2__lp2_n_16_f,326.0,1456.0,3.0,1533.0,81.0,81.0
gemm,C_1_2_C_2_16_B_2_2_B_1_2_A_2_2__lp5_n_2_f,516.0,903.0,8.0,1035.0,16.0,16.0
gemm,C_1_2_C_2_16_B_2_2_B_1_4_A_2_4__lp5_n_4_f,388.0,1297.0,14.0,1489.0,24.0,24.0
gemm,C_1_2_C_2_16_B_2_2_B_1_8_A_2_8__lp5_n_8_f,324.0,1760.0,20.0,2128.0,40.0,40.0
gemm,C_1_2_C_2_16_B_2_2_B_1_16_A_2_16__lp5_n_16_f,292.0,2107.0,20.0,2668.0,72.0,72.0
gemm,C_1_1_C_2_1_B_2_1_B_1_2_A_2_2__lp5_n_2_f,515.0,748.0,8.0,819.0,16.0,16.0
gemm,C_1_1_C_2_64_B_2_1_B_1_1_A_2_1__lp5_n_1_f,772.0,810.0,5.0,928.0,12.0,12.0
gemm,C_1_1_C_2_64_B_2_1_B_1_2_A_2_2__lp5_n_2_f,516.0,1006.0,8.0,1180.0,16.0,16.0
gemm,C_1_1_C_2_64_B_2_1_B_1_4_A_2_4__lp5_n_4_f,388.0,1382.0,14.0,1634.0,24.0,24.0
gemm,C_1_1_C_2_64_B_2_1_B_1_8_A_2_8__lp5_n_8_f,324.0,1651.0,17.0,2114.0,40.0,40.0
gemm,C_1_1_C_2_64_B_2_1_B_1_16_A_2_16__lp5_n_16_f,292.0,1915.0,17.0,2654.0,72.0,72.0
gemm,C_1_1_C_2_64_B_2_2_B_1_1_A_2_1__lp5_n_1_f,772.0,818.0,5.0,938.0,12.0,12.0
gemm,C_1_1_C_2_64_B_2_2_B_1_2_A_2_2__lp5_n_2_f,516.0,1023.0,8.0,1179.0,16.0,16.0
gemm,C_1_1_C_2_64_B_2_2_B_1_4_A_2_4__lp5_n_4_f,388.0,1417.0,14.0,1633.0,24.0,24.0
gemm,C_1_1_C_2_64_B_2_2_B_1_8_A_2_8__lp5_n_8_f,324.0,1880.0,20.0,2272.0,40.0,40.0
gemm,C_1_1_C_2_64_B_2_2_B_1_16_A_2_16__lp5_n_16_f,292.0,2227.0,20.0,2812.0,72.0,72.0
gemm,C_1_2_C_2_64_B_2_1_B_1_1_A_2_1__lp5_n_1_f,772.0,1092.0,5.0,1185.0,12.0,12.0
gesummv,A_1_1_tmp_1_1_y_1_4_B_1_1_A_2_4_x_1_4_B_2_4__lp2_n_4_f,339.0,1006.0,10.0,1323.0,21.0,21.0
gesummv,A_1_1_tmp_1_8_y_1_8_B_1_1_A_2_4_x_1_4_B_2_4__lp2_n_4_f,339.0,1006.0,10.0,1323.0,21.0,21.0
gesummv,A_1_1_tmp_1_8_y_1_1_B_1_1_A_2_4_x_1_4_B_2_4__lp2_n_4_f,339.0,1006.0,10.0,1323.0,21.0,21.0
gesummv,A_1_1_tmp_1_1_y_1_8_B_1_1_A_2_4_x_1_4_B_2_4__lp2_n_4_f,339.0,1006.0,10.0,1323.0,21.0,21.0
gesummv,A_1_1_tmp_1_16_y_1_16_B_1_1_A_2_4_x_1_4_B_2_4__lp2_n_4_f,339.0,1006.0,10.0,1323.0,21.0,21.0
gesummv,A_1_1_tmp_1_1_y_1_2_B_1_1_A_2_1_x_1_1_B_2_1__lp2_n_1_f,579.0,829.0,10.0,955.0,9.0,9.0
gesummv,A_1_1_tmp_1_16_y_1_1_B_1_1_A_2_4_x_1_4_B_2_4__lp2_n_4_f,339.0,1006.0,10.0,1323.0,21.0,21.0
gesummv,A_1_1_tmp_1_1_y_1_16_B_1_1_A_2_4_x_1_4_B_2_4__lp2_n_4_f,339.0,1006.0,10.0,1323.0,21.0,21.0
gesummv,A_1_1_tmp_1_1_y_1_1_B_1_1_A_2_8_x_1_8_B_2_8__lp2_n_8_f,299.0,1154.0,10.0,1722.0,37.0,37.0
gesummv,A_1_1_tmp_1_2_y_1_2_B_1_1_A_2_8_x_1_8_B_2_8__lp2_n_8_f,299.0,1154.0,10.0,1722.0,37.0,37.0
gesummv,A_1_1_tmp_1_2_y_1_1_B_1_1_A_2_8_x_1_8_B_2_8__lp2_n_8_f,299.0,1154.0,10.0,1722.0,37.0,37.0
gesummv,tmp_1_1_y_1_2__lp3_n_2_f,354.0,662.0,8.0,777.0,11.0,11.0
gesummv,A_1_1_tmp_1_1_y_1_2_B_1_1_A_2_8_x_1_8_B_2_8__lp2_n_8_f,299.0,1154.0,10.0,1722.0,37.0,37.0
gesummv,A_1_1_tmp_1_4_y_1_4_B_1_1_A_2_8_x_1_8_B_2_8__lp2_n_8_f,299.0,1154.0,10.0,1722.0,37.0,37.0
gesummv,A_1_1_tmp_1_4_y_1_1_B_1_1_A_2_8_x_1_8_B_2_8__lp2_n_8_f,299.0,1154.0,10.0,1722.0,37.0,37.0
gesummv,A_1_1_tmp_1_1_y_1_4_B_1_1_A_2_8_x_1_8_B_2_8__lp2_n_8_f,299.0,1154.0,10.0,1722.0,37.0,37.0
gesummv,A_1_1_tmp_1_8_y_1_8_B_1_1_A_2_8_x_1_8_B_2_8__lp2_n_8_f,299.0,1154.0,10.0,1722.0,37.0,37.0
gesummv,tmp_1_1_y_1_1__lp3_n_2_f,354.0,704.0,8.0,746.0,11.0,11.0
gesummv,A_1_1_tmp_1_8_y_1_1_B_1_1_A_2_8_x_1_8_B_2_8__lp2_n_8_f,299.0,1154.0,10.0,1722.0,37.0,37.0
gesummv,A_1_1_tmp_1_1_y_1_8_B_1_1_A_2_8_x_1_8_B_2_8__lp2_n_8_f,299.0,1154.0,10.0,1722.0,37.0,37.0
gesummv,A_1_1_tmp_1_16_y_1_16_B_1_1_A_2_8_x_1_8_B_2_8__lp2_n_8_f,299.0,1154.0,10.0,1722.0,37.0,37.0
gesummv,A_1_1_tmp_1_16_y_1_1_B_1_1_A_2_8_x_1_8_B_2_8__lp2_n_8_f,299.0,1154.0,10.0,1722.0,37.0,37.0
gesummv,A_1_1_tmp_1_1_y_1_16_B_1_1_A_2_8_x_1_8_B_2_8__lp2_n_8_f,299.0,1154.0,10.0,1722.0,37.0,37.0
gesummv,A_1_1_tmp_1_1_y_1_1_B_1_1_A_2_16_x_1_16_B_2_16__lp2_n_16_f,279.0,1471.0,10.0,2521.0,69.0,69.0
gesummv,A_1_1_tmp_1_2_y_1_2_B_1_1_A_2_16_x_1_16_B_2_16__lp2_n_16_f,279.0,1471.0,10.0,2521.0,69.0,69.0
gesummv,A_1_1_tmp_1_2_y_1_1_B_1_1_A_2_16_x_1_16_B_2_16__lp2_n_16_f,279.0,1471.0,10.0,2521.0,69.0,69.0
gesummv,A_1_1_tmp_1_1_y_1_2_B_1_1_A_2_16_x_1_16_B_2_16__lp2_n_16_f,279.0,1471.0,10.0,2521.0,69.0,69.0
gesummv,A_1_1_tmp_1_4_y_1_4_B_1_1_A_2_16_x_1_16_B_2_16__lp2_n_16_f,279.0,1471.0,10.0,2521.0,69.0,69.0
gesummv,A_1_1_tmp_1_4_y_1_4_B_1_1_A_2_1_x_1_1_B_2_1__lp2_n_1_f,579.0,829.0,10.0,955.0,9.0,9.0
gesummv,A_1_1_tmp_1_4_y_1_1_B_1_1_A_2_16_x_1_16_B_2_16__lp2_n_16_f,279.0,1471.0,10.0,2521.0,69.0,69.0
gesummv,A_1_1_tmp_1_1_y_1_4_B_1_1_A_2_16_x_1_16_B_2_16__lp2_n_16_f,279.0,1471.0,10.0,2521.0,69.0,69.0
gesummv,A_1_1_tmp_1_8_y_1_8_B_1_1_A_2_16_x_1_16_B_2_16__lp2_n_16_f,279.0,1471.0,10.0,2521.0,69.0,69.0
gesummv,A_1_1_tmp_1_8_y_1_1_B_1_1_A_2_16_x_1_16_B_2_16__lp2_n_16_f,279.0,1471.0,10.0,2521.0,69.0,69.0
gesummv,A_1_1_tmp_1_1_y_1_8_B_1_1_A_2_16_x_1_16_B_2_16__lp2_n_16_f,279.0,1471.0,10.0,2521.0,69.0,69.0
gesummv,tmp_1_4_y_1_4__lp3_n_4_f,162.0,2038.0,32.0,2609.0,10.0,10.0
gesummv,A_1_1_tmp_1_16_y_1_16_B_1_1_A_2_16_x_1_16_B_2_16__lp2_n_16_f,279.0,1471.0,10.0,2521.0,69.0,69.0
gesummv,A_1_1_tmp_1_16_y_1_1_B_1_1_A_2_16_x_1_16_B_2_16__lp2_n_16_f,279.0,1471.0,10.0,2521.0,69.0,69.0
gesummv,A_1_1_tmp_1_1_y_1_16_B_1_1_A_2_16_x_1_16_B_2_16__lp2_n_16_f,279.0,1471.0,10.0,2521.0,69.0,69.0
gesummv,A_1_2_tmp_1_2_y_1_2_B_1_2_A_2_1_x_1_1_B_2_1__lp2_n_1_f,579.0,829.0,10.0,955.0,9.0,9.0
gesummv,tmp_1_2_y_1_2__lp3_n_1_f,642.0,615.0,8.0,682.0,10.0,10.0
gesummv,A_1_2_tmp_1_2_y_1_1_B_1_2_A_2_1_x_1_1_B_2_1__lp2_n_1_f,579.0,829.0,10.0,955.0,9.0,9.0
gesummv,tmp_1_2_y_1_1__lp3_n_1_f,642.0,606.0,8.0,671.0,10.0,10.0
gesummv,A_1_2_tmp_1_1_y_1_2_B_1_2_A_2_1_x_1_1_B_2_1__lp2_n_1_f,579.0,829.0,10.0,955.0,9.0,9.0
gesummv,tmp_1_1_y_1_2__lp3_n_1_f,642.0,606.0,8.0,682.0,10.0,10.0
gesummv,A_1_2_tmp_1_1_y_1_1_B_1_2_A_2_1_x_1_1_B_2_1__lp2_n_1_f,579.0,829.0,10.0,955.0,9.0,9.0
gesummv,A_1_2_tmp_1_4_y_1_4_B_1_2_A_2_1_x_1_1_B_2_1__lp2_n_1_f,579.0,829.0,10.0,955.0,9.0,9.0
gesummv,A_1_2_tmp_1_4_y_1_2_B_1_2_A_2_1_x_1_1_B_2_1__lp2_n_1_f,579.0,829.0,10.0,955.0,9.0,9.0
gesummv,A_1_1_tmp_1_4_y_1_1_B_1_1_A_2_1_x_1_1_B_2_1__lp2_n_1_f,579.0,829.0,10.0,955.0,9.0,9.0
gesummv,tmp_1_4_y_1_2__lp3_n_4_f,178.0,1527.0,22.0,1779.0,11.0,11.0
gesummv,A_1_2_tmp_1_2_y_1_4_B_1_2_A_2_1_x_1_1_B_2_1__lp2_n_1_f,579.0,829.0,10.0,955.0,9.0,9.0
gesummv,tmp_1_2_y_1_4__lp3_n_4_f,178.0,1215.0,16.0,1521.0,11.0,11.0
gesummv,tmp_1_2_y_1_2__lp3_n_4_f,178.0,1299.0,16.0,1459.0,11.0,11.0
gesummv,A_1_2_tmp_1_8_y_1_8_B_1_2_A_2_1_x_1_1_B_2_1__lp2_n_1_f,579.0,829.0,10.0,955.0,9.0,9.0
gesummv,A_1_2_tmp_1_8_y_1_2_B_1_2_A_2_1_x_1_1_B_2_1__lp2_n_1_f,579.0,829.0,10.0,955.0,9.0,9.0
gesummv,tmp_1_8_y_1_2__lp3_n_8_f,106.0,1721.0,22.0,2182.0,13.0,13.0
gesummv,tmp_1_4_y_1_1__lp3_n_4_f,210.0,1058.0,14.0,1241.0,13.0,13.0
gesummv,A_1_2_tmp_1_2_y_1_8_B_1_2_A_2_1_x_1_1_B_2_1__lp2_n_1_f,579.0,829.0,10.0,955.0,9.0,9.0
gesummv,tmp_1_2_y_1_8__lp3_n_8_f,106.0,1345.0,16.0,1915.0,13.0,13.0
gesummv,tmp_1_2_y_1_2__lp3_n_8_f,106.0,1501.0,16.0,1731.0,13.0,13.0
gesummv,A_1_2_tmp_1_16_y_1_16_B_1_2_A_2_1_x_1_1_B_2_1__lp2_n_1_f,579.0,829.0,10.0,955.0,9.0,9.0
gesummv,A_1_2_tmp_1_16_y_1_2_B_1_2_A_2_1_x_1_1_B_2_1__lp2_n_1_f,579.0,829.0,10.0,955.0,9.0,9.0
gesummv,tmp_1_16_y_1_2__lp3_n_16_f,70.0,2023.0,22.0,2529.0,17.0,17.0
gesummv,A_1_1_tmp_1_1_y_1_1_B_1_1_A_2_1_x_1_1_B_2_1__lp2_n_1_f,579.0,829.0,10.0,955.0,9.0,9.0
gesummv,A_1_2_tmp_1_2_y_1_16_B_1_2_A_2_1_x_1_1_B_2_1__lp2_n_1_f,579.0,829.0,10.0,955.0,9.0,9.0
gesummv,tmp_1_2_y_1_16__lp3_n_16_f,70.0,1535.0,16.0,2183.0,17.0,17.0
gesummv,tmp_1_2_y_1_2__lp3_n_16_f,70.0,1829.0,16.0,1759.0,17.0,17.0
gesummv,A_1_1_tmp_1_1_y_1_4_B_1_1_A_2_1_x_1_1_B_2_1__lp2_n_1_f,579.0,829.0,10.0,955.0,9.0,9.0
gesummv,A_1_2_tmp_1_2_y_1_2_B_1_2_A_2_2_x_1_2_B_2_2__lp2_n_2_f,419.0,902.0,10.0,1124.0,13.0,13.0
gesummv,A_1_2_tmp_1_2_y_1_1_B_1_2_A_2_2_x_1_2_B_2_2__lp2_n_2_f,419.0,902.0,10.0,1124.0,13.0,13.0
gesummv,tmp_1_1_y_1_4__lp3_n_4_f,210.0,734.0,8.0,977.0,13.0,13.0
gesummv,A_1_2_tmp_1_1_y_1_2_B_1_2_A_2_2_x_1_2_B_2_2__lp2_n_2_f,419.0,902.0,10.0,1124.0,13.0,13.0
gesummv,A_1_2_tmp_1_1_y_1_1_B_1_2_A_2_2_x_1_2_B_2_2__lp2_n_2_f,419.0,902.0,10.0,1124.0,13.0,13.0
gesummv,A_1_2_tmp_1_4_y_1_4_B_1_2_A_2_2_x_1_2_B_2_2__lp2_n_2_f,419.0,902.0,10.0,1124.0,13.0,13.0
gesummv,A_1_2_tmp_1_4_y_1_2_B_1_2_A_2_2_x_1_2_B_2_2__lp2_n_2_f,419.0,902.0,10.0,1124.0,13.0,13.0
gesummv,A_1_2_tmp_1_2_y_1_4_B_1_2_A_2_2_x_1_2_B_2_2__lp2_n_2_f,419.0,902.0,10.0,1124.0,13.0,13.0
gesummv,tmp_1_1_y_1_1__lp3_n_4_f,210.0,812.0,8.0,885.0,13.0,13.0
gesummv,A_1_2_tmp_1_8_y_1_8_B_1_2_A_2_2_x_1_2_B_2_2__lp2_n_2_f,419.0,902.0,10.0,1124.0,13.0,13.0
gesummv,A_1_2_tmp_1_8_y_1_2_B_1_2_A_2_2_x_1_2_B_2_2__lp2_n_2_f,419.0,902.0,10.0,1124.0,13.0,13.0
gesummv,A_1_2_tmp_1_2_y_1_8_B_1_2_A_2_2_x_1_2_B_2_2__lp2_n_2_f,419.0,902.0,10.0,1124.0,13.0,13.0
gesummv,A_1_2_tmp_1_16_y_1_16_B_1_2_A_2_2_x_1_2_B_2_2__lp2_n_2_f,419.0,902.0,10.0,1124.0,13.0,13.0
gesummv,A_1_2_tmp_1_16_y_1_2_B_1_2_A_2_2_x_1_2_B_2_2__lp2_n_2_f,419.0,902.0,10.0,1124.0,13.0,13.0
gesummv,A_1_2_tmp_1_2_y_1_16_B_1_2_A_2_2_x_1_2_B_2_2__lp2_n_2_f,419.0,902.0,10.0,1124.0,13.0,13.0
gesummv,A_1_2_tmp_1_2_y_1_2_B_1_2_A_2_4_x_1_4_B_2_4__lp2_n_4_f,339.0,1006.0,10.0,1323.0,21.0,21.0
gesummv,A_1_2_tmp_1_2_y_1_1_B_1_2_A_2_4_x_1_4_B_2_4__lp2_n_4_f,339.0,1006.0,10.0,1323.0,21.0,21.0
gesummv,A_1_2_tmp_1_1_y_1_2_B_1_2_A_2_4_x_1_4_B_2_4__lp2_n_4_f,339.0,1006.0,10.0,1323.0,21.0,21.0
gesummv,A_1_2_tmp_1_1_y_1_1_B_1_2_A_2_4_x_1_4_B_2_4__lp2_n_4_f,339.0,1006.0,10.0,1323.0,21.0,21.0
gesummv,A_1_1_tmp_1_8_y_1_8_B_1_1_A_2_1_x_1_1_B_2_1__lp2_n_1_f,579.0,829.0,10.0,955.0,9.0,9.0
gesummv,A_1_2_tmp_1_4_y_1_4_B_1_2_A_2_4_x_1_4_B_2_4__lp2_n_4_f,339.0,1006.0,10.0,1323.0,21.0,21.0
gesummv,A_1_2_tmp_1_4_y_1_2_B_1_2_A_2_4_x_1_4_B_2_4__lp2_n_4_f,339.0,1006.0,10.0,1323.0,21.0,21.0
gesummv,A_1_2_tmp_1_2_y_1_4_B_1_2_A_2_4_x_1_4_B_2_4__lp2_n_4_f,339.0,1006.0,10.0,1323.0,21.0,21.0
gesummv,A_1_2_tmp_1_8_y_1_8_B_1_2_A_2_4_x_1_4_B_2_4__lp2_n_4_f,339.0,1006.0,10.0,1323.0,21.0,21.0
gesummv,A_1_2_tmp_1_8_y_1_2_B_1_2_A_2_4_x_1_4_B_2_4__lp2_n_4_f,339.0,1006.0,10.0,1323.0,21.0,21.0
gesummv,tmp_1_8_y_1_8__lp3_n_8_f,82.0,3974.0,64.0,5189.0,10.0,10.0
gesummv,A_1_2_tmp_1_2_y_1_8_B_1_2_A_2_4_x_1_4_B_2_4__lp2_n_4_f,339.0,1006.0,10.0,1323.0,21.0,21.0
gesummv,A_1_2_tmp_1_16_y_1_16_B_1_2_A_2_4_x_1_4_B_2_4__lp2_n_4_f,339.0,1006.0,10.0,1323.0,21.0,21.0
gesummv,A_1_2_tmp_1_16_y_1_2_B_1_2_A_2_4_x_1_4_B_2_4__lp2_n_4_f,339.0,1006.0,10.0,1323.0,21.0,21.0
gesummv,A_1_2_tmp_1_2_y_1_16_B_1_2_A_2_4_x_1_4_B_2_4__lp2_n_4_f,339.0,1006.0,10.0,1323.0,21.0,21.0
gesummv,A_1_2_tmp_1_2_y_1_2_B_1_2_A_2_8_x_1_8_B_2_8__lp2_n_8_f,299.0,1154.0,10.0,1722.0,37.0,37.0
gesummv,A_1_2_tmp_1_2_y_1_1_B_1_2_A_2_8_x_1_8_B_2_8__lp2_n_8_f,299.0,1154.0,10.0,1722.0,37.0,37.0
gesummv,A_1_2_tmp_1_1_y_1_2_B_1_2_A_2_8_x_1_8_B_2_8__lp2_n_8_f,299.0,1154.0,10.0,1722.0,37.0,37.0
gesummv,A_1_2_tmp_1_1_y_1_1_B_1_2_A_2_8_x_1_8_B_2_8__lp2_n_8_f,299.0,1154.0,10.0,1722.0,37.0,37.0
gesummv,A_1_2_tmp_1_4_y_1_4_B_1_2_A_2_8_x_1_8_B_2_8__lp2_n_8_f,299.0,1154.0,10.0,1722.0,37.0,37.0
gesummv,A_1_2_tmp_1_4_y_1_2_B_1_2_A_2_8_x_1_8_B_2_8__lp2_n_8_f,299.0,1154.0,10.0,1722.0,37.0,37.0
gesummv,A_1_1_tmp_1_8_y_1_1_B_1_1_A_2_1_x_1_1_B_2_1__lp2_n_1_f,579.0,829.0,10.0,955.0,9.0,9.0
gesummv,A_1_2_tmp_1_2_y_1_4_B_1_2_A_2_8_x_1_8_B_2_8__lp2_n_8_f,299.0,1154.0,10.0,1722.0,37.0,37.0
gesummv,A_1_2_tmp_1_8_y_1_8_B_1_2_A_2_8_x_1_8_B_2_8__lp2_n_8_f,299.0,1154.0,10.0,1722.0,37.0,37.0
gesummv,A_1_2_tmp_1_8_y_1_2_B_1_2_A_2_8_x_1_8_B_2_8__lp2_n_8_f,299.0,1154.0,10.0,1722.0,37.0,37.0
gesummv,A_1_2_tmp_1_2_y_1_8_B_1_2_A_2_8_x_1_8_B_2_8__lp2_n_8_f,299.0,1154.0,10.0,1722.0,37.0,37.0
gesummv,A_1_2_tmp_1_16_y_1_16_B_1_2_A_2_8_x_1_8_B_2_8__lp2_n_8_f,299.0,1154.0,10.0,1722.0,37.0,37.0
gesummv,tmp_1_8_y_1_1__lp3_n_8_f,138.0,1251.0,14.0,1452.0,17.0,17.0
gesummv,A_1_2_tmp_1_16_y_1_2_B_1_2_A_2_8_x_1_8_B_2_8__lp2_n_8_f,299.0,1154.0,10.0,1722.0,37.0,37.0
gesummv,A_1_2_tmp_1_2_y_1_16_B_1_2_A_2_8_x_1_8_B_2_8__lp2_n_8_f,299.0,1154.0,10.0,1722.0,37.0,37.0
gesummv,A_1_2_tmp_1_2_y_1_2_B_1_2_A_2_16_x_1_16_B_2_16__lp2_n_16_f,279.0,1471.0,10.0,2521.0,69.0,69.0
gesummv,A_1_2_tmp_1_2_y_1_1_B_1_2_A_2_16_x_1_16_B_2_16__lp2_n_16_f,279.0,1471.0,10.0,2521.0,69.0,69.0
gesummv,A_1_2_tmp_1_1_y_1_2_B_1_2_A_2_16_x_1_16_B_2_16__lp2_n_16_f,279.0,1471.0,10.0,2521.0,69.0,69.0
gesummv,tmp_1_1_y_1_1__lp3_n_1_f,642.0,597.0,8.0,670.0,10.0,10.0
gesummv,A_1_2_tmp_1_1_y_1_1_B_1_2_A_2_16_x_1_16_B_2_16__lp2_n_16_f,279.0,1471.0,10.0,2521.0,69.0,69.0
gesummv,A_1_2_tmp_1_4_y_1_4_B_1_2_A_2_16_x_1_16_B_2_16__lp2_n_16_f,279.0,1471.0,10.0,2521.0,69.0,69.0
gesummv,A_1_2_tmp_1_4_y_1_2_B_1_2_A_2_16_x_1_16_B_2_16__lp2_n_16_f,279.0,1471.0,10.0,2521.0,69.0,69.0
gesummv,A_1_2_tmp_1_2_y_1_4_B_1_2_A_2_16_x_1_16_B_2_16__lp2_n_16_f,279.0,1471.0,10.0,2521.0,69.0,69.0
gesummv,A_1_2_tmp_1_8_y_1_8_B_1_2_A_2_16_x_1_16_B_2_16__lp2_n_16_f,279.0,1471.0,10.0,2521.0,69.0,69.0
gesummv,A_1_1_tmp_1_1_y_1_8_B_1_1_A_2_1_x_1_1_B_2_1__lp2_n_1_f,579.0,829.0,10.0,955.0,9.0,9.0
gesummv,A_1_2_tmp_1_8_y_1_2_B_1_2_A_2_16_x_1_16_B_2_16__lp2_n_16_f,279.0,1471.0,10.0,2521.0,69.0,69.0
gesummv,A_1_2_tmp_1_2_y_1_8_B_1_2_A_2_16_x_1_16_B_2_16__lp2_n_16_f,279.0,1471.0,10.0,2521.0,69.0,69.0
gesummv,A_1_2_tmp_1_16_y_1_16_B_1_2_A_2_16_x_1_16_B_2_16__lp2_n_16_f,279.0,1471.0,10.0,2521.0,69.0,69.0
gesummv,A_1_2_tmp_1_16_y_1_2_B_1_2_A_2_16_x_1_16_B_2_16__lp2_n_16_f,279.0,1471.0,10.0,2521.0,69.0,69.0
gesummv,A_1_2_tmp_1_2_y_1_16_B_1_2_A_2_16_x_1_16_B_2_16__lp2_n_16_f,279.0,1471.0,10.0,2521.0,69.0,69.0
gesummv,tmp_1_1_y_1_8__lp3_n_8_f,138.0,859.0,8.0,1117.0,17.0,17.0
gesummv,tmp_1_1_y_1_1__lp3_n_8_f,138.0,1006.0,8.0,905.0,17.0,17.0
gesummv,A_1_1_tmp_1_16_y_1_16_B_1_1_A_2_1_x_1_1_B_2_1__lp2_n_1_f,579.0,829.0,10.0,955.0,9.0,9.0
gesummv,tmp_1_16_y_1_16__lp3_n_16_f,42.0,7846.0,128.0,10341.0,10.0,10.0
gesummv,A_1_1_tmp_1_16_y_1_1_B_1_1_A_2_1_x_1_1_B_2_1__lp2_n_1_f,579.0,829.0,10.0,955.0,9.0,9.0
gesummv,tmp_1_16_y_1_1__lp3_n_16_f,102.0,1493.0,14.0,1743.0,25.0,25.0
gesummv,A_1_1_tmp_1_1_y_1_16_B_1_1_A_2_1_x_1_1_B_2_1__lp2_n_1_f,579.0,829.0,10.0,955.0,9.0,9.0
gesummv,tmp_1_1_y_1_16__lp3_n_16_f,102.0,1041.0,8.0,1389.0,25.0,25.0
gesummv,tmp_1_1_y_1_1__lp3_n_16_f,102.0,1284.0,8.0,941.0,25.0,25.0
gesummv,A_1_1_tmp_1_2_y_1_2_B_1_1_A_2_1_x_1_1_B_2_1__lp2_n_1_f,579.0,829.0,10.0,955.0,9.0,9.0
gesummv,tmp_1_2_y_1_2__lp3_n_2_f,322.0,1070.0,16.0,1317.0,10.0,10.0
gesummv,A_1_1_tmp_1_1_y_1_1_B_1_1_A_2_2_x_1_2_B_2_2__lp2_n_2_f,419.0,902.0,10.0,1124.0,13.0,13.0
gesummv,A_1_1_tmp_1_2_y_1_2_B_1_1_A_2_2_x_1_2_B_2_2__lp2_n_2_f,419.0,902.0,10.0,1124.0,13.0,13.0
gesummv,A_1_1_tmp_1_2_y_1_1_B_1_1_A_2_2_x_1_2_B_2_2__lp2_n_2_f,419.0,902.0,10.0,1124.0,13.0,13.0
gesummv,A_1_1_tmp_1_1_y_1_2_B_1_1_A_2_2_x_1_2_B_2_2__lp2_n_2_f,419.0,902.0,10.0,1124.0,13.0,13.0
gesummv,A_1_1_tmp_1_4_y_1_4_B_1_1_A_2_2_x_1_2_B_2_2__lp2_n_2_f,419.0,902.0,10.0,1124.0,13.0,13.0
gesummv,A_1_1_tmp_1_4_y_1_1_B_1_1_A_2_2_x_1_2_B_2_2__lp2_n_2_f,419.0,902.0,10.0,1124.0,13.0,13.0
gesummv,A_1_1_tmp_1_1_y_1_4_B_1_1_A_2_2_x_1_2_B_2_2__lp2_n_2_f,419.0,902.0,10.0,1124.0,13.0,13.0
gesummv,A_1_1_tmp_1_8_y_1_8_B_1_1_A_2_2_x_1_2_B_2_2__lp2_n_2_f,419.0,902.0,10.0,1124.0,13.0,13.0
gesummv,A_1_1_tmp_1_8_y_1_1_B_1_1_A_2_2_x_1_2_B_2_2__lp2_n_2_f,419.0,902.0,10.0,1124.0,13.0,13.0
gesummv,A_1_1_tmp_1_2_y_1_1_B_1_1_A_2_1_x_1_1_B_2_1__lp2_n_1_f,579.0,829.0,10.0,955.0,9.0,9.0
gesummv,A_1_1_tmp_1_1_y_1_8_B_1_1_A_2_2_x_1_2_B_2_2__lp2_n_2_f,419.0,902.0,10.0,1124.0,13.0,13.0
gesummv,A_1_1_tmp_1_16_y_1_16_B_1_1_A_2_2_x_1_2_B_2_2__lp2_n_2_f,419.0,902.0,10.0,1124.0,13.0,13.0
gesummv,A_1_1_tmp_1_16_y_1_1_B_1_1_A_2_2_x_1_2_B_2_2__lp2_n_2_f,419.0,902.0,10.0,1124.0,13.0,13.0
gesummv,A_1_1_tmp_1_1_y_1_16_B_1_1_A_2_2_x_1_2_B_2_2__lp2_n_2_f,419.0,902.0,10.0,1124.0,13.0,13.0
gesummv,A_1_1_tmp_1_1_y_1_1_B_1_1_A_2_4_x_1_4_B_2_4__lp2_n_4_f,339.0,1006.0,10.0,1323.0,21.0,21.0
gesummv,tmp_1_2_y_1_1__lp3_n_2_f,354.0,825.0,11.0,906.0,11.0,11.0
gesummv,A_1_1_tmp_1_2_y_1_2_B_1_1_A_2_4_x_1_4_B_2_4__lp2_n_4_f,339.0,1006.0,10.0,1323.0,21.0,21.0
gesummv,A_1_1_tmp_1_2_y_1_1_B_1_1_A_2_4_x_1_4_B_2_4__lp2_n_4_f,339.0,1006.0,10.0,1323.0,21.0,21.0
gesummv,A_1_1_tmp_1_1_y_1_2_B_1_1_A_2_4_x_1_4_B_2_4__lp2_n_4_f,339.0,1006.0,10.0,1323.0,21.0,21.0
gesummv,A_1_1_tmp_1_4_y_1_4_B_1_1_A_2_4_x_1_4_B_2_4__lp2_n_4_f,339.0,1006.0,10.0,1323.0,21.0,21.0
gesummv,A_1_1_tmp_1_4_y_1_1_B_1_1_A_2_4_x_1_4_B_2_4__lp2_n_4_f,339.0,1006.0,10.0,1323.0,21.0,21.0
syrk,C_1_2_C_2_64_A_1_1_A_2_2__lp5_n_2_f,516.0,1298.0,8.0,1362.0,16.0,16.0
syrk,C_1_2_C_2_64_A_1_1_A_2_4__lp5_n_4_f,388.0,1703.0,14.0,1753.0,24.0,24.0
syrk,C_1_2_C_2_64_A_1_1_A_2_8__lp5_n_8_f,324.0,2029.0,17.0,2106.0,40.0,40.0
syrk,C_1_2_C_2_64_A_1_1_A_2_16__lp5_n_16_f,292.0,2406.0,17.0,2391.0,72.0,72.0
syrk,C_1_2_C_2_64_A_1_2_A_2_1__lp5_n_1_f,772.0,1136.0,5.0,1199.0,12.0,12.0
syrk,C_1_2_C_2_64_A_1_2_A_2_2__lp5_n_2_f,516.0,1362.0,8.0,1437.0,16.0,16.0
syrk,C_1_2_C_2_64_A_1_2_A_2_4__lp5_n_4_f,388.0,1831.0,14.0,1892.0,24.0,24.0
syrk,C_1_2_C_2_64_A_1_2_A_2_8__lp5_n_8_f,324.0,2443.0,20.0,2531.0,40.0,40.0
syrk,C_1_2_C_2_64_A_1_2_A_2_16__lp5_n_16_f,292.0,3087.0,20.0,3072.0,72.0,72.0
syrk,C_1_1_C_2_1_A_1_1_A_2_4__lp5_n_4_f,387.0,1162.0,14.0,1135.0,24.0,24.0
syrk,C_1_1_C_2_2__lp2_n_2_f,194.0,350.0,6.0,429.0,6.0,6.0
syrk,C_1_1_C_2_2_A_1_1_A_2_1__lp5_n_1_f,771.0,578.0,5.0,540.0,12.0,12.0
syrk,C_1_1_C_2_1__lp2_n_2_f,226.0,302.0,3.0,251.0,7.0,7.0
syrk,C_1_1_C_2_2_A_1_1_A_2_2__lp5_n_2_f,515.0,766.0,8.0,755.0,16.0,16.0
syrk,C_1_1_C_2_2_A_1_1_A_2_4__lp5_n_4_f,387.0,1170.0,14.0,1146.0,24.0,24.0
syrk,C_1_1_C_2_2_A_1_1_A_2_8__lp5_n_8_f,323.0,1495.0,17.0,1499.0,40.0,40.0
syrk,C_1_1_C_2_1_A_1_1_A_2_8__lp5_n_8_f,323.0,1487.0,17.0,1488.0,40.0,40.0
syrk,C_1_1_C_2_2_A_1_1_A_2_16__lp5_n_16_f,291.0,1874.0,17.0,1784.0,72.0,72.0
syrk,C_1_1_C_2_4__lp2_n_4_f,98.0,620.0,12.0,831.0,6.0,6.0
syrk,C_1_1_C_2_4_A_1_1_A_2_1__lp5_n_1_f,771.0,588.0,5.0,559.0,12.0,12.0
syrk,C_1_1_C_2_1_A_1_1_A_2_16__lp5_n_16_f,291.0,1866.0,17.0,1773.0,72.0,72.0
syrk,C_1_1_C_2_1__lp2_n_4_f,146.0,372.0,3.0,274.0,9.0,9.0
syrk,C_1_1_C_2_4_A_1_1_A_2_2__lp5_n_2_f,515.0,776.0,8.0,774.0,16.0,16.0
syrk,C_1_1_C_2_4_A_1_1_A_2_4__lp5_n_4_f,387.0,1180.0,14.0,1165.0,24.0,24.0
syrk,C_1_1_C_2_4_A_1_1_A_2_8__lp5_n_8_f,323.0,1505.0,17.0,1518.0,40.0,40.0
syrk,C_1_1_C_2_4_A_1_1_A_2_16__lp5_n_16_f,291.0,1884.0,17.0,1803.0,72.0,72.0
syrk,C_1_1_C_2_4_A_1_2_A_2_1__lp5_n_1_f,771.0,618.0,5.0,611.0,12.0,12.0
syrk,C_1_1_C_2_2__lp2_n_4_f,194.0,489.0,6.0,460.0,12.0,12.0
syrk,C_1_1_C_2_2__lp2_n_1_f,386.0,235.0,3.0,245.0,6.0,6.0
syrk,C_1_1_C_2_4_A_1_2_A_2_2__lp5_n_2_f,515.0,840.0,8.0,839.0,16.0,16.0
syrk,C_1_1_C_2_4_A_1_2_A_2_4__lp5_n_4_f,387.0,1308.0,14.0,1294.0,24.0,24.0
syrk,C_1_1_C_2_4_A_1_2_A_2_8__lp5_n_8_f,323.0,1919.0,20.0,1933.0,40.0,40.0
syrk,C_1_1_C_2_1__lp2_n_1_f,386.0,245.0,3.0,233.0,6.0,6.0
syrk,C_1_1_C_2_4_A_1_2_A_2_16__lp5_n_16_f,291.0,2565.0,20.0,2474.0,72.0,72.0
syrk,C_1_1_C_2_2_A_1_2_A_2_1__lp5_n_1_f,771.0,608.0,5.0,591.0,12.0,12.0
syrk,C_1_1_C_2_1_A_1_2_A_2_1__lp5_n_1_f,771.0,600.0,5.0,581.0,12.0,12.0
syrk,C_1_1_C_2_8__lp2_n_8_f,50.0,1160.0,24.0,1631.0,6.0,6.0
syrk,C_1_1_C_2_8_A_1_1_A_2_1__lp5_n_1_f,772.0,610.0,5.0,593.0,12.0,12.0
syrk,C_1_1_C_2_1__lp2_n_8_f,106.0,494.0,3.0,318.0,13.0,13.0
syrk,C_1_1_C_2_8_A_1_1_A_2_2__lp5_n_2_f,516.0,802.0,8.0,808.0,16.0,16.0
syrk,C_1_1_C_2_8_A_1_1_A_2_4__lp5_n_4_f,388.0,1207.0,14.0,1199.0,24.0,24.0
syrk,C_1_1_C_2_8_A_1_1_A_2_8__lp5_n_8_f,324.0,1533.0,17.0,1552.0,40.0,40.0
syrk,C_1_1_C_2_8_A_1_1_A_2_16__lp5_n_16_f,292.0,1910.0,17.0,1837.0,72.0,72.0
syrk,C_1_1_C_2_8_A_1_2_A_2_1__lp5_n_1_f,772.0,640.0,5.0,645.0,12.0,12.0
syrk,C_1_1_C_2_2__lp2_n_8_f,194.0,660.0,6.0,510.0,24.0,24.0
syrk,C_1_1_C_2_8_A_1_2_A_2_2__lp5_n_2_f,516.0,866.0,8.0,873.0,16.0,16.0
syrk,C_1_1_C_2_8_A_1_2_A_2_4__lp5_n_4_f,388.0,1335.0,14.0,1328.0,24.0,24.0
syrk,C_1_1_C_2_2_A_1_2_A_2_2__lp5_n_2_f,515.0,830.0,8.0,819.0,16.0,16.0
syrk,C_1_1_C_2_8_A_1_2_A_2_8__lp5_n_8_f,324.0,1947.0,20.0,1967.0,40.0,40.0
syrk,C_1_1_C_2_8_A_1_2_A_2_16__lp5_n_16_f,292.0,2591.0,20.0,2508.0,72.0,72.0
syrk,C_1_1_C_2_1_A_1_2_A_2_2__lp5_n_2_f,515.0,822.0,8.0,809.0,16.0,16.0
syrk,C_1_1_C_2_16__lp2_n_16_f,26.0,2240.0,48.0,3223.0,6.0,6.0
syrk,C_1_1_C_2_16_A_1_1_A_2_1__lp5_n_1_f,772.0,631.0,5.0,650.0,12.0,12.0
syrk,C_1_1_C_2_1__lp2_n_16_f,86.0,721.0,3.0,402.0,21.0,21.0
syrk,C_1_1_C_2_2_A_1_2_A_2_4__lp5_n_4_f,387.0,1298.0,14.0,1274.0,24.0,24.0
syrk,C_1_1_C_2_16_A_1_1_A_2_2__lp5_n_2_f,516.0,823.0,8.0,865.0,16.0,16.0
syrk,C_1_1_C_2_16_A_1_1_A_2_4__lp5_n_4_f,388.0,1228.0,14.0,1256.0,24.0,24.0
syrk,C_1_1_C_2_16_A_1_1_A_2_8__lp5_n_8_f,324.0,1554.0,17.0,1609.0,40.0,40.0
syrk,C_1_1_C_2_16_A_1_1_A_2_16__lp5_n_16_f,292.0,1931.0,17.0,1894.0,72.0,72.0
syrk,C_1_1_C_2_16_A_1_2_A_2_1__lp5_n_1_f,772.0,661.0,5.0,702.0,12.0,12.0
syrk,C_1_1_C_2_2__lp2_n_16_f,194.0,959.0,6.0,606.0,48.0,48.0
syrk,C_1_1_C_2_16_A_1_2_A_2_2__lp5_n_2_f,516.0,887.0,8.0,930.0,16.0,16.0
syrk,C_1_1_C_2_16_A_1_2_A_2_4__lp5_n_4_f,388.0,1356.0,14.0,1385.0,24.0,24.0
syrk,C_1_1_C_2_16_A_1_2_A_2_8__lp5_n_8_f,324.0,1968.0,20.0,2024.0,40.0,40.0
syrk,C_1_1_C_2_16_A_1_2_A_2_16__lp5_n_16_f,292.0,2612.0,20.0,2565.0,72.0,72.0
syrk,C_1_1_C_2_1_A_1_2_A_2_4__lp5_n_4_f,387.0,1290.0,14.0,1264.0,24.0,24.0
syrk,C_1_1_C_2_2_A_1_2_A_2_8__lp5_n_8_f,323.0,1909.0,20.0,1913.0,40.0,40.0
syrk,C_1_2_C_2_1__lp2_n_1_f,386.0,253.0,3.0,250.0,6.0,6.0
syrk,C_1_2_C_2_1_A_1_1_A_2_1__lp5_n_1_f,771.0,578.0,5.0,545.0,12.0,12.0
syrk,C_1_2_C_2_1_A_1_1_A_2_2__lp5_n_2_f,515.0,766.0,8.0,754.0,16.0,16.0
syrk,C_1_2_C_2_1_A_1_1_A_2_4__lp5_n_4_f,387.0,1170.0,14.0,1145.0,24.0,24.0
syrk,C_1_1_C_2_1_A_1_2_A_2_8__lp5_n_8_f,323.0,1901.0,20.0,1903.0,40.0,40.0
syrk,C_1_2_C_2_1_A_1_1_A_2_8__lp5_n_8_f,323.0,1495.0,17.0,1498.0,40.0,40.0
syrk,C_1_2_C_2_1_A_1_1_A_2_16__lp5_n_16_f,291.0,1874.0,17.0,1783.0,72.0,72.0
syrk,C_1_2_C_2_2__lp2_n_1_f,386.0,253.0,3.0,264.0,6.0,6.0
syrk,C_1_2_C_2_2_A_1_2_A_2_1__lp5_n_1_f,771.0,625.0,5.0,608.0,12.0,12.0
syrk,C_1_2_C_2_1_A_1_2_A_2_1__lp5_n_1_f,771.0,608.0,5.0,585.0,12.0,12.0
syrk,C_1_2_C_2_2_A_1_2_A_2_2__lp5_n_2_f,515.0,847.0,8.0,841.0,16.0,16.0
syrk,C_1_2_C_2_1_A_1_2_A_2_2__lp5_n_2_f,515.0,830.0,8.0,823.0,16.0,16.0
syrk,C_1_2_C_2_2_A_1_2_A_2_4__lp5_n_4_f,387.0,1315.0,14.0,1296.0,24.0,24.0
syrk,C_1_2_C_2_1_A_1_2_A_2_4__lp5_n_4_f,387.0,1298.0,14.0,1278.0,24.0,24.0
syrk,C_1_2_C_2_2_A_1_2_A_2_8__lp5_n_8_f,323.0,1926.0,20.0,1935.0,40.0,40.0
syrk,C_1_2_C_2_1_A_1_2_A_2_8__lp5_n_8_f,323.0,1909.0,20.0,1917.0,40.0,40.0
syrk,C_1_1_C_2_2_A_1_2_A_2_16__lp5_n_16_f,291.0,2555.0,20.0,2454.0,72.0,72.0
syrk,C_1_2_C_2_2_A_1_2_A_2_16__lp5_n_16_f,291.0,2572.0,20.0,2476.0,72.0,72.0
syrk,C_1_2_C_2_1_A_1_2_A_2_16__lp5_n_16_f,291.0,2555.0,20.0,2458.0,72.0,72.0
syrk,C_1_1_C_2_1_A_1_2_A_2_16__lp5_n_16_f,291.0,2547.0,20.0,2444.0,72.0,72.0
syrk,C_1_1_C_2_1_A_1_1_A_2_1__lp5_n_1_f,771.0,570.0,5.0,529.0,12.0,12.0
syrk,C_1_2_C_2_2__lp2_n_2_f,354.0,269.0,3.0,325.0,11.0,11.0
syrk,C_1_2_C_2_2_A_1_1_A_2_1__lp5_n_1_f,771.0,595.0,5.0,564.0,12.0,12.0
syrk,C_1_2_C_2_1__lp2_n_2_f,226.0,361.0,3.0,333.0,7.0,7.0
syrk,C_1_2_C_2_2_A_1_1_A_2_2__lp5_n_2_f,515.0,783.0,8.0,773.0,16.0,16.0
syrk,C_1_2_C_2_2_A_1_1_A_2_4__lp5_n_4_f,387.0,1187.0,14.0,1164.0,24.0,24.0
syrk,C_1_2_C_2_2_A_1_1_A_2_8__lp5_n_8_f,323.0,1512.0,17.0,1517.0,40.0,40.0
syrk,C_1_2_C_2_2_A_1_1_A_2_16__lp5_n_16_f,291.0,1891.0,17.0,1802.0,72.0,72.0
syrk,C_1_2_C_2_4__lp2_n_4_f,338.0,350.0,3.0,495.0,21.0,21.0
syrk,C_1_2_C_2_4_A_1_1_A_2_1__lp5_n_1_f,771.0,616.0,5.0,597.0,12.0,12.0
syrk,C_1_2_C_2_1__lp2_n_4_f,178.0,749.0,9.0,767.0,11.0,11.0
syrk,C_1_2_C_2_4_A_1_1_A_2_2__lp5_n_2_f,515.0,804.0,8.0,806.0,16.0,16.0
syrk,C_1_2_C_2_4_A_1_1_A_2_4__lp5_n_4_f,387.0,1208.0,14.0,1197.0,24.0,24.0
syrk,C_1_2_C_2_4_A_1_1_A_2_8__lp5_n_8_f,323.0,1533.0,17.0,1550.0,40.0,40.0
syrk,C_1_2_C_2_4_A_1_1_A_2_16__lp5_n_16_f,291.0,1912.0,17.0,1835.0,72.0,72.0
syrk,C_1_2_C_2_4_A_1_2_A_2_1__lp5_n_1_f,771.0,646.0,5.0,642.0,12.0,12.0
syrk,C_1_2_C_2_2__lp2_n_4_f,338.0,523.0,3.0,509.0,21.0,21.0
syrk,C_1_2_C_2_4_A_1_2_A_2_2__lp5_n_2_f,515.0,868.0,8.0,875.0,16.0,16.0
syrk,C_1_2_C_2_4_A_1_2_A_2_4__lp5_n_4_f,387.0,1336.0,14.0,1330.0,24.0,24.0
syrk,C_1_2_C_2_4_A_1_2_A_2_8__lp5_n_8_f,323.0,1947.0,20.0,1969.0,40.0,40.0
syrk,C_1_2_C_2_4_A_1_2_A_2_16__lp5_n_16_f,291.0,2593.0,20.0,2510.0,72.0,72.0
syrk,C_1_2_C_2_8__lp2_n_8_f,330.0,489.0,3.0,835.0,41.0,41.0
syrk,C_1_2_C_2_8_A_1_1_A_2_1__lp5_n_1_f,772.0,661.0,5.0,655.0,12.0,12.0
syrk,C_1_2_C_2_1__lp2_n_8_f,154.0,1557.0,21.0,1619.0,19.0,19.0
syrk,C_1_2_C_2_8_A_1_1_A_2_2__lp5_n_2_f,516.0,853.0,8.0,864.0,16.0,16.0
syrk,C_1_2_C_2_8_A_1_1_A_2_4__lp5_n_4_f,388.0,1258.0,14.0,1255.0,24.0,24.0
syrk,C_1_2_C_2_8_A_1_1_A_2_8__lp5_n_8_f,324.0,1584.0,17.0,1608.0,40.0,40.0
syrk,C_1_2_C_2_8_A_1_1_A_2_16__lp5_n_16_f,292.0,1961.0,17.0,1893.0,72.0,72.0
syrk,C_1_2_C_2_8_A_1_2_A_2_1__lp5_n_1_f,772.0,691.0,5.0,700.0,12.0,12.0
syrk,C_1_2_C_2_2__lp2_n_8_f,330.0,816.0,3.0,853.0,41.0,41.0
syrk,C_1_2_C_2_8_A_1_2_A_2_2__lp5_n_2_f,516.0,917.0,8.0,933.0,16.0,16.0
syrk,C_1_2_C_2_8_A_1_2_A_2_4__lp5_n_4_f,388.0,1386.0,14.0,1388.0,24.0,24.0
syrk,C_1_2_C_2_8_A_1_2_A_2_8__lp5_n_8_f,324.0,1998.0,20.0,2027.0,40.0,40.0
syrk,C_1_2_C_2_8_A_1_2_A_2_16__lp5_n_16_f,292.0,2642.0,20.0,2568.0,72.0,72.0
syrk,C_1_2_C_2_16__lp2_n_16_f,326.0,833.0,3.0,1482.0,81.0,81.0
syrk,C_1_2_C_2_16_A_1_1_A_2_1__lp5_n_1_f,772.0,704.0,5.0,752.0,12.0,12.0
syrk,C_1_2_C_2_1__lp2_n_16_f,142.0,3043.0,45.0,3315.0,35.0,35.0
syrk,C_1_2_C_2_16_A_1_1_A_2_2__lp5_n_2_f,516.0,896.0,8.0,961.0,16.0,16.0
syrk,C_1_2_C_2_16_A_1_1_A_2_4__lp5_n_4_f,388.0,1301.0,14.0,1352.0,24.0,24.0
syrk,C_1_2_C_2_16_A_1_1_A_2_8__lp5_n_8_f,324.0,1627.0,17.0,1705.0,40.0,40.0
syrk,C_1_2_C_2_16_A_1_1_A_2_16__lp5_n_16_f,292.0,2004.0,17.0,1990.0,72.0,72.0
syrk,C_1_2_C_2_16_A_1_2_A_2_1__lp5_n_1_f,772.0,734.0,5.0,797.0,12.0,12.0
syrk,C_1_2_C_2_2__lp2_n_16_f,326.0,1456.0,3.0,1533.0,81.0,81.0
syrk,C_1_2_C_2_16_A_1_2_A_2_2__lp5_n_2_f,516.0,960.0,8.0,1030.0,16.0,16.0
syrk,C_1_2_C_2_16_A_1_2_A_2_4__lp5_n_4_f,388.0,1429.0,14.0,1485.0,24.0,24.0
syrk,C_1_2_C_2_16_A_1_2_A_2_8__lp5_n_8_f,324.0,2041.0,20.0,2124.0,40.0,40.0
syrk,C_1_2_C_2_16_A_1_2_A_2_16__lp5_n_16_f,292.0,2685.0,20.0,2665.0,72.0,72.0
syrk,C_1_1_C_2_1_A_1_1_A_2_2__lp5_n_2_f,515.0,758.0,8.0,744.0,16.0,16.0
syrk,C_1_1_C_2_64_A_1_1_A_2_1__lp5_n_1_f,772.0,824.0,5.0,896.0,12.0,12.0
syrk,C_1_1_C_2_64_A_1_1_A_2_2__lp5_n_2_f,516.0,1016.0,8.0,1105.0,16.0,16.0
syrk,C_1_1_C_2_64_A_1_1_A_2_4__lp5_n_4_f,388.0,1421.0,14.0,1496.0,24.0,24.0
syrk,C_1_1_C_2_64_A_1_1_A_2_8__lp5_n_8_f,324.0,1747.0,17.0,1849.0,40.0,40.0
syrk,C_1_1_C_2_64_A_1_1_A_2_16__lp5_n_16_f,292.0,2124.0,17.0,2134.0,72.0,72.0
syrk,C_1_1_C_2_64_A_1_2_A_2_1__lp5_n_1_f,772.0,854.0,5.0,943.0,12.0,12.0
syrk,C_1_1_C_2_64_A_1_2_A_2_2__lp5_n_2_f,516.0,1080.0,8.0,1176.0,16.0,16.0
syrk,C_1_1_C_2_64_A_1_2_A_2_4__lp5_n_4_f,388.0,1549.0,14.0,1631.0,24.0,24.0
syrk,C_1_1_C_2_64_A_1_2_A_2_8__lp5_n_8_f,324.0,2161.0,20.0,2270.0,40.0,40.0
syrk,C_1_1_C_2_64_A_1_2_A_2_16__lp5_n_16_f,292.0,2805.0,20.0,2811.0,72.0,72.0
syrk,C_1_2_C_2_64_A_1_1_A_2_1__lp5_n_1_f,772.0,1106.0,5.0,1153.0,12.0,12.0
syr2k,C_1_2_C_2_64_A_1_1_B_1_1_A_2_2_B_2_2__lp5_n_2_f,644.0,1898.0,16.0,2003.0,20.0,20.0
syr2k,C_1_2_C_2_64_A_1_1_B_1_1_A_2_4_B_2_4__lp5_n_4_f,452.0,3072.0,32.0,3296.0,28.0,28.0
syr2k,C_1_2_C_2_64_A_1_1_B_1_1_A_2_8_B_2_8__lp5_n_8_f,356.0,4101.0,42.0,4487.0,44.0,44.0
syr2k,C_1_2_C_2_64_A_1_1_B_1_1_A_2_16_B_2_16__lp5_n_16_f,308.0,4653.0,42.0,5028.0,76.0,76.0
syr2k,C_1_2_C_2_64_A_1_2_B_1_2_A_2_1_B_2_1__lp5_n_1_f,1028.0,1409.0,8.0,1481.0,16.0,16.0
syr2k,C_1_2_C_2_64_A_1_2_B_1_2_A_2_2_B_2_2__lp5_n_2_f,644.0,2026.0,16.0,2143.0,20.0,20.0
syr2k,C_1_2_C_2_64_A_1_2_B_1_2_A_2_4_B_2_4__lp5_n_4_f,452.0,3328.0,32.0,3564.0,28.0,28.0
syr2k,C_1_2_C_2_64_A_1_2_B_1_2_A_2_8_B_2_8__lp5_n_8_f,356.0,5137.0,50.0,5588.0,44.0,44.0
syr2k,C_1_2_C_2_64_A_1_2_B_1_2_A_2_16_B_2_16__lp5_n_16_f,308.0,6223.0,50.0,6641.0,76.0,76.0
syr2k,C_1_1_C_2_1_A_1_1_B_1_1_A_2_4_B_2_4__lp5_n_4_f,451.0,2533.0,32.0,2678.0,28.0,28.0
syr2k,C_1_1_C_2_2__lp2_n_2_f,194.0,350.0,6.0,429.0,6.0,6.0
syr2k,C_1_1_C_2_2_A_1_1_B_1_1_A_2_1_B_2_1__lp5_n_1_f,1027.0,815.0,8.0,780.0,16.0,16.0
syr2k,C_1_1_C_2_1__lp2_n_2_f,226.0,302.0,3.0,251.0,7.0,7.0
syr2k,C_1_1_C_2_2_A_1_1_B_1_1_A_2_2_B_2_2__lp5_n_2_f,643.0,1365.0,16.0,1396.0,20.0,20.0
syr2k,C_1_1_C_2_2_A_1_1_B_1_1_A_2_4_B_2_4__lp5_n_4_f,451.0,2541.0,32.0,2689.0,28.0,28.0
syr2k,C_1_1_C_2_2_A_1_1_B_1_1_A_2_8_B_2_8__lp5_n_8_f,355.0,3569.0,42.0,3880.0,44.0,44.0
syr2k,C_1_1_C_2_1_A_1_1_B_1_1_A_2_8_B_2_8__lp5_n_8_f,355.0,3561.0,42.0,3869.0,44.0,44.0
syr2k,C_1_1_C_2_2_A_1_1_B_1_1_A_2_16_B_2_16__lp5_n_16_f,307.0,4120.0,42.0,4421.0,76.0,76.0
syr2k,C_1_1_C_2_4__lp2_n_4_f,98.0,620.0,12.0,831.0,6.0,6.0
syr2k,C_1_1_C_2_4_A_1_1_B_1_1_A_2_1_B_2_1__lp5_n_1_f,1027.0,825.0,8.0,799.0,16.0,16.0
syr2k,C_1_1_C_2_1_A_1_1_B_1_1_A_2_16_B_2_16__lp5_n_16_f,307.0,4112.0,42.0,4410.0,76.0,76.0
syr2k,C_1_1_C_2_1__lp2_n_4_f,146.0,372.0,3.0,274.0,9.0,9.0
syr2k,C_1_1_C_2_4_A_1_1_B_1_1_A_2_2_B_2_2__lp5_n_2_f,643.0,1375.0,16.0,1415.0,20.0,20.0
syr2k,C_1_1_C_2_4_A_1_1_B_1_1_A_2_4_B_2_4__lp5_n_4_f,451.0,2551.0,32.0,2708.0,28.0,28.0
syr2k,C_1_1_C_2_4_A_1_1_B_1_1_A_2_8_B_2_8__lp5_n_8_f,355.0,3579.0,42.0,3899.0,44.0,44.0
syr2k,C_1_1_C_2_4_A_1_1_B_1_1_A_2_16_B_2_16__lp5_n_16_f,307.0,4130.0,42.0,4440.0,76.0,76.0
syr2k,C_1_1_C_2_4_A_1_2_B_1_2_A_2_1_B_2_1__lp5_n_1_f,1027.0,887.0,8.0,893.0,16.0,16.0
syr2k,C_1_1_C_2_2__lp2_n_4_f,194.0,489.0,6.0,460.0,12.0,12.0
syr2k,C_1_1_C_2_2__lp2_n_1_f,386.0,235.0,3.0,245.0,6.0,6.0
syr2k,C_1_1_C_2_4_A_1_2_B_1_2_A_2_2_B_2_2__lp5_n_2_f,643.0,1503.0,16.0,1550.0,20.0,20.0
syr2k,C_1_1_C_2_4_A_1_2_B_1_2_A_2_4_B_2_4__lp5_n_4_f,451.0,2807.0,32.0,2971.0,28.0,28.0
syr2k,C_1_1_C_2_4_A_1_2_B_1_2_A_2_8_B_2_8__lp5_n_8_f,355.0,4615.0,50.0,4995.0,44.0,44.0
syr2k,C_1_1_C_2_1__lp2_n_1_f,386.0,245.0,3.0,233.0,6.0,6.0
syr2k,C_1_1_C_2_4_A_1_2_B_1_2_A_2_16_B_2_16__lp5_n_16_f,307.0,5700.0,50.0,6048.0,76.0,76.0
syr2k,C_1_1_C_2_2_A_1_2_B_1_2_A_2_1_B_2_1__lp5_n_1_f,1027.0,877.0,8.0,873.0,16.0,16.0
syr2k,C_1_1_C_2_1_A_1_2_B_1_2_A_2_1_B_2_1__lp5_n_1_f,1027.0,869.0,8.0,863.0,16.0,16.0
syr2k,C_1_1_C_2_8__lp2_n_8_f,50.0,1160.0,24.0,1631.0,6.0,6.0
syr2k,C_1_1_C_2_8_A_1_1_B_1_1_A_2_1_B_2_1__lp5_n_1_f,1028.0,851.0,8.0,833.0,16.0,16.0
syr2k,C_1_1_C_2_1__lp2_n_8_f,106.0,494.0,3.0,318.0,13.0,13.0
syr2k,C_1_1_C_2_8_A_1_1_B_1_1_A_2_2_B_2_2__lp5_n_2_f,644.0,1402.0,16.0,1449.0,20.0,20.0
syr2k,C_1_1_C_2_8_A_1_1_B_1_1_A_2_4_B_2_4__lp5_n_4_f,452.0,2576.0,32.0,2742.0,28.0,28.0
syr2k,C_1_1_C_2_8_A_1_1_B_1_1_A_2_8_B_2_8__lp5_n_8_f,356.0,3605.0,42.0,3933.0,44.0,44.0
syr2k,C_1_1_C_2_8_A_1_1_B_1_1_A_2_16_B_2_16__lp5_n_16_f,308.0,4157.0,42.0,4474.0,76.0,76.0
syr2k,C_1_1_C_2_8_A_1_2_B_1_2_A_2_1_B_2_1__lp5_n_1_f,1028.0,913.0,8.0,927.0,16.0,16.0
syr2k,C_1_1_C_2_2__lp2_n_8_f,194.0,660.0,6.0,510.0,24.0,24.0
syr2k,C_1_1_C_2_8_A_1_2_B_1_2_A_2_2_B_2_2__lp5_n_2_f,644.0,1530.0,16.0,1584.0,20.0,20.0
syr2k,C_1_1_C_2_8_A_1_2_B_1_2_A_2_4_B_2_4__lp5_n_4_f,452.0,2832.0,32.0,3005.0,28.0,28.0
syr2k,C_1_1_C_2_2_A_1_2_B_1_2_A_2_2_B_2_2__lp5_n_2_f,643.0,1493.0,16.0,1530.0,20.0,20.0
syr2k,C_1_1_C_2_8_A_1_2_B_1_2_A_2_8_B_2_8__lp5_n_8_f,356.0,4641.0,50.0,5029.0,44.0,44.0
syr2k,C_1_1_C_2_8_A_1_2_B_1_2_A_2_16_B_2_16__lp5_n_16_f,308.0,5727.0,50.0,6082.0,76.0,76.0
syr2k,C_1_1_C_2_1_A_1_2_B_1_2_A_2_2_B_2_2__lp5_n_2_f,643.0,1485.0,16.0,1520.0,20.0,20.0
syr2k,C_1_1_C_2_16__lp2_n_16_f,26.0,2240.0,48.0,3223.0,6.0,6.0
syr2k,C_1_1_C_2_16_A_1_1_B_1_1_A_2_1_B_2_1__lp5_n_1_f,1028.0,872.0,8.0,890.0,16.0,16.0
syr2k,C_1_1_C_2_1__lp2_n_16_f,86.0,721.0,3.0,402.0,21.0,21.0
syr2k,C_1_1_C_2_2_A_1_2_B_1_2_A_2_4_B_2_4__lp5_n_4_f,451.0,2797.0,32.0,2951.0,28.0,28.0
syr2k,C_1_1_C_2_16_A_1_1_B_1_1_A_2_2_B_2_2__lp5_n_2_f,644.0,1423.0,16.0,1506.0,20.0,20.0
syr2k,C_1_1_C_2_16_A_1_1_B_1_1_A_2_4_B_2_4__lp5_n_4_f,452.0,2597.0,32.0,2799.0,28.0,28.0
syr2k,C_1_1_C_2_16_A_1_1_B_1_1_A_2_8_B_2_8__lp5_n_8_f,356.0,3626.0,42.0,3990.0,44.0,44.0
syr2k,C_1_1_C_2_16_A_1_1_B_1_1_A_2_16_B_2_16__lp5_n_16_f,308.0,4178.0,42.0,4531.0,76.0,76.0
syr2k,C_1_1_C_2_16_A_1_2_B_1_2_A_2_1_B_2_1__lp5_n_1_f,1028.0,934.0,8.0,984.0,16.0,16.0
syr2k,C_1_1_C_2_2__lp2_n_16_f,194.0,959.0,6.0,606.0,48.0,48.0
syr2k,C_1_1_C_2_16_A_1_2_B_1_2_A_2_2_B_2_2__lp5_n_2_f,644.0,1551.0,16.0,1641.0,20.0,20.0
syr2k,C_1_1_C_2_16_A_1_2_B_1_2_A_2_4_B_2_4__lp5_n_4_f,452.0,2853.0,32.0,3062.0,28.0,28.0
syr2k,C_1_1_C_2_16_A_1_2_B_1_2_A_2_8_B_2_8__lp5_n_8_f,356.0,4662.0,50.0,5086.0,44.0,44.0
syr2k,C_1_1_C_2_16_A_1_2_B_1_2_A_2_16_B_2_16__lp5_n_16_f,308.0,5748.0,50.0,6139.0,76.0,76.0
syr2k,C_1_1_C_2_1_A_1_2_B_1_2_A_2_4_B_2_4__lp5_n_4_f,451.0,2789.0,32.0,2941.0,28.0,28.0
syr2k,C_1_1_C_2_2_A_1_2_B_1_2_A_2_8_B_2_8__lp5_n_8_f,355.0,4605.0,50.0,4975.0,44.0,44.0
syr2k,C_1_2_C_2_1__lp2_n_1_f,386.0,253.0,3.0,250.0,6.0,6.0
syr2k,C_1_2_C_2_1_A_1_1_B_1_1_A_2_1_B_2_1__lp5_n_1_f,1027.0,815.0,8.0,785.0,16.0,16.0
syr2k,C_1_2_C_2_1_A_1_1_B_1_1_A_2_2_B_2_2__lp5_n_2_f,643.0,1365.0,16.0,1395.0,20.0,20.0
syr2k,C_1_2_C_2_1_A_1_1_B_1_1_A_2_4_B_2_4__lp5_n_4_f,451.0,2541.0,32.0,2688.0,28.0,28.0
syr2k,C_1_1_C_2_1_A_1_2_B_1_2_A_2_8_B_2_8__lp5_n_8_f,355.0,4597.0,50.0,4965.0,44.0,44.0
syr2k,C_1_2_C_2_1_A_1_1_B_1_1_A_2_8_B_2_8__lp5_n_8_f,355.0,3569.0,42.0,3879.0,44.0,44.0
syr2k,C_1_2_C_2_1_A_1_1_B_1_1_A_2_16_B_2_16__lp5_n_16_f,307.0,4120.0,42.0,4420.0,76.0,76.0
syr2k,C_1_2_C_2_2__lp2_n_1_f,386.0,253.0,3.0,264.0,6.0,6.0
syr2k,C_1_2_C_2_2_A_1_2_B_1_2_A_2_1_B_2_1__lp5_n_1_f,1027.0,894.0,8.0,890.0,16.0,16.0
syr2k,C_1_2_C_2_1_A_1_2_B_1_2_A_2_1_B_2_1__lp5_n_1_f,1027.0,877.0,8.0,867.0,16.0,16.0
syr2k,C_1_2_C_2_2_A_1_2_B_1_2_A_2_2_B_2_2__lp5_n_2_f,643.0,1510.0,16.0,1547.0,20.0,20.0
syr2k,C_1_2_C_2_1_A_1_2_B_1_2_A_2_2_B_2_2__lp5_n_2_f,643.0,1493.0,16.0,1529.0,20.0,20.0
syr2k,C_1_2_C_2_2_A_1_2_B_1_2_A_2_4_B_2_4__lp5_n_4_f,451.0,2814.0,32.0,2968.0,28.0,28.0
syr2k,C_1_2_C_2_1_A_1_2_B_1_2_A_2_4_B_2_4__lp5_n_4_f,451.0,2797.0,32.0,2950.0,28.0,28.0
syr2k,C_1_2_C_2_2_A_1_2_B_1_2_A_2_8_B_2_8__lp5_n_8_f,355.0,4622.0,50.0,4992.0,44.0,44.0
syr2k,C_1_2_C_2_1_A_1_2_B_1_2_A_2_8_B_2_8__lp5_n_8_f,355.0,4605.0,50.0,4974.0,44.0,44.0
syr2k,C_1_1_C_2_2_A_1_2_B_1_2_A_2_16_B_2_16__lp5_n_16_f,307.0,5690.0,50.0,6028.0,76.0,76.0
syr2k,C_1_2_C_2_2_A_1_2_B_1_2_A_2_16_B_2_16__lp5_n_16_f,307.0,5707.0,50.0,6045.0,76.0,76.0
syr2k,C_1_2_C_2_1_A_1_2_B_1_2_A_2_16_B_2_16__lp5_n_16_f,307.0,5690.0,50.0,6027.0,76.0,76.0
syr2k,C_1_1_C_2_1_A_1_2_B_1_2_A_2_16_B_2_16__lp5_n_16_f,307.0,5682.0,50.0,6018.0,76.0,76.0
syr2k,C_1_1_C_2_1_A_1_1_B_1_1_A_2_1_B_2_1__lp5_n_1_f,1027.0,807.0,8.0,769.0,16.0,16.0
syr2k,C_1_2_C_2_2__lp2_n_2_f,354.0,269.0,3.0,325.0,11.0,11.0
syr2k,C_1_2_C_2_2_A_1_1_B_1_1_A_2_1_B_2_1__lp5_n_1_f,1027.0,832.0,8.0,804.0,16.0,16.0
syr2k,C_1_2_C_2_1__lp2_n_2_f,226.0,361.0,3.0,333.0,7.0,7.0
syr2k,C_1_2_C_2_2_A_1_1_B_1_1_A_2_2_B_2_2__lp5_n_2_f,643.0,1382.0,16.0,1414.0,20.0,20.0
syr2k,C_1_2_C_2_2_A_1_1_B_1_1_A_2_4_B_2_4__lp5_n_4_f,451.0,2558.0,32.0,2707.0,28.0,28.0
syr2k,C_1_2_C_2_2_A_1_1_B_1_1_A_2_8_B_2_8__lp5_n_8_f,355.0,3586.0,42.0,3898.0,44.0,44.0
syr2k,C_1_2_C_2_2_A_1_1_B_1_1_A_2_16_B_2_16__lp5_n_16_f,307.0,4137.0,42.0,4439.0,76.0,76.0
syr2k,C_1_2_C_2_4__lp2_n_4_f,338.0,350.0,3.0,495.0,21.0,21.0
syr2k,C_1_2_C_2_4_A_1_1_B_1_1_A_2_1_B_2_1__lp5_n_1_f,1027.0,853.0,8.0,837.0,16.0,16.0
syr2k,C_1_2_C_2_1__lp2_n_4_f,178.0,749.0,9.0,767.0,11.0,11.0
syr2k,C_1_2_C_2_4_A_1_1_B_1_1_A_2_2_B_2_2__lp5_n_2_f,643.0,1403.0,16.0,1447.0,20.0,20.0
syr2k,C_1_2_C_2_4_A_1_1_B_1_1_A_2_4_B_2_4__lp5_n_4_f,451.0,2579.0,32.0,2740.0,28.0,28.0
syr2k,C_1_2_C_2_4_A_1_1_B_1_1_A_2_8_B_2_8__lp5_n_8_f,355.0,3607.0,42.0,3931.0,44.0,44.0
syr2k,C_1_2_C_2_4_A_1_1_B_1_1_A_2_16_B_2_16__lp5_n_16_f,307.0,4158.0,42.0,4472.0,76.0,76.0
syr2k,C_1_2_C_2_4_A_1_2_B_1_2_A_2_1_B_2_1__lp5_n_1_f,1027.0,915.0,8.0,924.0,16.0,16.0
syr2k,C_1_2_C_2_2__lp2_n_4_f,338.0,523.0,3.0,509.0,21.0,21.0
syr2k,C_1_2_C_2_4_A_1_2_B_1_2_A_2_2_B_2_2__lp5_n_2_f,643.0,1531.0,16.0,1581.0,20.0,20.0
syr2k,C_1_2_C_2_4_A_1_2_B_1_2_A_2_4_B_2_4__lp5_n_4_f,451.0,2835.0,32.0,3002.0,28.0,28.0
syr2k,C_1_2_C_2_4_A_1_2_B_1_2_A_2_8_B_2_8__lp5_n_8_f,355.0,4643.0,50.0,5026.0,44.0,44.0
syr2k,C_1_2_C_2_4_A_1_2_B_1_2_A_2_16_B_2_16__lp5_n_16_f,307.0,5728.0,50.0,6079.0,76.0,76.0
syr2k,C_1_2_C_2_8__lp2_n_8_f,330.0,489.0,3.0,835.0,41.0,41.0
syr2k,C_1_2_C_2_8_A_1_1_B_1_1_A_2_1_B_2_1__lp5_n_1_f,1028.0,902.0,8.0,895.0,16.0,16.0
syr2k,C_1_2_C_2_1__lp2_n_8_f,154.0,1557.0,21.0,1619.0,19.0,19.0
syr2k,C_1_2_C_2_8_A_1_1_B_1_1_A_2_2_B_2_2__lp5_n_2_f,644.0,1453.0,16.0,1505.0,20.0,20.0
syr2k,C_1_2_C_2_8_A_1_1_B_1_1_A_2_4_B_2_4__lp5_n_4_f,452.0,2627.0,32.0,2798.0,28.0,28.0
syr2k,C_1_2_C_2_8_A_1_1_B_1_1_A_2_8_B_2_8__lp5_n_8_f,356.0,3656.0,42.0,3989.0,44.0,44.0
syr2k,C_1_2_C_2_8_A_1_1_B_1_1_A_2_16_B_2_16__lp5_n_16_f,308.0,4208.0,42.0,4530.0,76.0,76.0
syr2k,C_1_2_C_2_8_A_1_2_B_1_2_A_2_1_B_2_1__lp5_n_1_f,1028.0,964.0,8.0,982.0,16.0,16.0
syr2k,C_1_2_C_2_2__lp2_n_8_f,330.0,816.0,3.0,853.0,41.0,41.0
syr2k,C_1_2_C_2_8_A_1_2_B_1_2_A_2_2_B_2_2__lp5_n_2_f,644.0,1581.0,16.0,1639.0,20.0,20.0
syr2k,C_1_2_C_2_8_A_1_2_B_1_2_A_2_4_B_2_4__lp5_n_4_f,452.0,2883.0,32.0,3060.0,28.0,28.0
syr2k,C_1_2_C_2_8_A_1_2_B_1_2_A_2_8_B_2_8__lp5_n_8_f,356.0,4692.0,50.0,5084.0,44.0,44.0
syr2k,C_1_2_C_2_8_A_1_2_B_1_2_A_2_16_B_2_16__lp5_n_16_f,308.0,5778.0,50.0,6137.0,76.0,76.0
syr2k,C_1_2_C_2_16__lp2_n_16_f,326.0,833.0,3.0,1482.0,81.0,81.0
syr2k,C_1_2_C_2_16_A_1_1_B_1_1_A_2_1_B_2_1__lp5_n_1_f,1028.0,945.0,8.0,992.0,16.0,16.0
syr2k,C_1_2_C_2_1__lp2_n_16_f,142.0,3043.0,45.0,3315.0,35.0,35.0
syr2k,C_1_2_C_2_16_A_1_1_B_1_1_A_2_2_B_2_2__lp5_n_2_f,644.0,1496.0,16.0,1602.0,20.0,20.0
syr2k,C_1_2_C_2_16_A_1_1_B_1_1_A_2_4_B_2_4__lp5_n_4_f,452.0,2670.0,32.0,2895.0,28.0,28.0
syr2k,C_1_2_C_2_16_A_1_1_B_1_1_A_2_8_B_2_8__lp5_n_8_f,356.0,3699.0,42.0,4086.0,44.0,44.0
syr2k,C_1_2_C_2_16_A_1_1_B_1_1_A_2_16_B_2_16__lp5_n_16_f,308.0,4251.0,42.0,4627.0,76.0,76.0
syr2k,C_1_2_C_2_16_A_1_2_B_1_2_A_2_1_B_2_1__lp5_n_1_f,1028.0,1007.0,8.0,1079.0,16.0,16.0
syr2k,C_1_2_C_2_2__lp2_n_16_f,326.0,1456.0,3.0,1533.0,81.0,81.0
syr2k,C_1_2_C_2_16_A_1_2_B_1_2_A_2_2_B_2_2__lp5_n_2_f,644.0,1624.0,16.0,1736.0,20.0,20.0
syr2k,C_1_2_C_2_16_A_1_2_B_1_2_A_2_4_B_2_4__lp5_n_4_f,452.0,2926.0,32.0,3157.0,28.0,28.0
syr2k,C_1_2_C_2_16_A_1_2_B_1_2_A_2_8_B_2_8__lp5_n_8_f,356.0,4735.0,50.0,5181.0,44.0,44.0
syr2k,C_1_2_C_2_16_A_1_2_B_1_2_A_2_16_B_2_16__lp5_n_16_f,308.0,5821.0,50.0,6234.0,76.0,76.0
syr2k,C_1_1_C_2_1_A_1_1_B_1_1_A_2_2_B_2_2__lp5_n_2_f,643.0,1357.0,16.0,1385.0,20.0,20.0
syr2k,C_1_1_C_2_64_A_1_1_B_1_1_A_2_1_B_2_1__lp5_n_1_f,1028.0,1065.0,8.0,1136.0,16.0,16.0
syr2k,C_1_1_C_2_64_A_1_1_B_1_1_A_2_2_B_2_2__lp5_n_2_f,644.0,1616.0,16.0,1746.0,20.0,20.0
syr2k,C_1_1_C_2_64_A_1_1_B_1_1_A_2_4_B_2_4__lp5_n_4_f,452.0,2790.0,32.0,3039.0,28.0,28.0
syr2k,C_1_1_C_2_64_A_1_1_B_1_1_A_2_8_B_2_8__lp5_n_8_f,356.0,3819.0,42.0,4230.0,44.0,44.0
syr2k,C_1_1_C_2_64_A_1_1_B_1_1_A_2_16_B_2_16__lp5_n_16_f,308.0,4371.0,42.0,4771.0,76.0,76.0
syr2k,C_1_1_C_2_64_A_1_2_B_1_2_A_2_1_B_2_1__lp5_n_1_f,1028.0,1127.0,8.0,1225.0,16.0,16.0
syr2k,C_1_1_C_2_64_A_1_2_B_1_2_A_2_2_B_2_2__lp5_n_2_f,644.0,1744.0,16.0,1887.0,20.0,20.0
syr2k,C_1_1_C_2_64_A_1_2_B_1_2_A_2_4_B_2_4__lp5_n_4_f,452.0,3046.0,32.0,3308.0,28.0,28.0
syr2k,C_1_1_C_2_64_A_1_2_B_1_2_A_2_8_B_2_8__lp5_n_8_f,356.0,4855.0,50.0,5332.0,44.0,44.0
syr2k,C_1_1_C_2_64_A_1_2_B_1_2_A_2_16_B_2_16__lp5_n_16_f,308.0,5941.0,50.0,6385.0,76.0,76.0
syr2k,C_1_2_C_2_64_A_1_1_B_1_1_A_2_1_B_2_1__lp5_n_1_f,1028.0,1347.0,8.0,1393.0,16.0,16.0
k2mm,tmp_1_1_C_2_1_D_2_1_tmp_2_2_C_1_2__lp6_n_2_f,423.0,724.0,8.0,841.0,13.0,13.0
k2mm,tmp_1_1_B_2_1_B_1_1_A_2_1_tmp_2_64__lp3_n_1_f,772.0,810.0,5.0,928.0,12.0,12.0
k2mm,tmp_1_1_B_2_1_B_1_2_A_2_2_tmp_2_1__lp3_n_2_f,515.0,748.0,8.0,819.0,16.0,16.0
k2mm,tmp_1_1_B_2_1_B_1_2_A_2_2_tmp_2_2__lp3_n_2_f,515.0,756.0,8.0,830.0,16.0,16.0
k2mm,tmp_1_1_B_2_1_B_1_2_A_2_2_tmp_2_4__lp3_n_2_f,515.0,766.0,8.0,849.0,16.0,16.0
k2mm,tmp_1_1_B_2_1_B_1_2_A_2_2_tmp_2_8__lp3_n_2_f,516.0,792.0,8.0,883.0,16.0,16.0
k2mm,tmp_1_1_B_2_1_B_1_1_A_2_1_tmp_2_4__lp3_n_1_f,771.0,574.0,5.0,585.0,12.0,12.0
k2mm,tmp_1_1_B_2_1_B_1_2_A_2_2_tmp_2_16__lp3_n_2_f,516.0,813.0,8.0,940.0,16.0,16.0
k2mm,tmp_1_1_B_2_1_B_1_2_A_2_2_tmp_2_64__lp3_n_2_f,516.0,1006.0,8.0,1180.0,16.0,16.0
k2mm,tmp_1_1_B_2_1_B_1_4_A_2_4_tmp_2_1__lp3_n_4_f,387.0,1123.0,14.0,1273.0,24.0,24.0
k2mm,tmp_1_1_B_2_1_B_1_4_A_2_4_tmp_2_2__lp3_n_4_f,387.0,1131.0,14.0,1284.0,24.0,24.0
k2mm,tmp_1_1_B_2_1_B_1_4_A_2_4_tmp_2_4__lp3_n_4_f,387.0,1141.0,14.0,1303.0,24.0,24.0
k2mm,tmp_1_1_B_2_1_B_1_4_A_2_4_tmp_2_8__lp3_n_4_f,388.0,1168.0,14.0,1337.0,24.0,24.0
k2mm,tmp_1_1_B_2_1_B_1_4_A_2_4_tmp_2_16__lp3_n_4_f,388.0,1189.0,14.0,1394.0,24.0,24.0
k2mm,tmp_1_1_B_2_1_B_1_4_A_2_4_tmp_2_64__lp3_n_4_f,388.0,1382.0,14.0,1634.0,24.0,24.0
k2mm,tmp_1_1_B_2_1_B_1_8_A_2_8_tmp_2_1__lp3_n_8_f,323.0,1391.0,17.0,1753.0,40.0,40.0
k2mm,tmp_1_1_B_2_1_B_1_8_A_2_8_tmp_2_2__lp3_n_8_f,323.0,1399.0,17.0,1764.0,40.0,40.0
k2mm,tmp_1_1_C_2_1_D_2_1_tmp_2_4_C_1_4__lp6_n_4_f,343.0,1044.0,14.0,1296.0,21.0,21.0
k2mm,tmp_1_1_B_2_1_B_1_8_A_2_8_tmp_2_4__lp3_n_8_f,323.0,1409.0,17.0,1783.0,40.0,40.0
k2mm,tmp_1_1_B_2_1_B_1_8_A_2_8_tmp_2_8__lp3_n_8_f,324.0,1437.0,17.0,1817.0,40.0,40.0
k2mm,tmp_1_1_B_2_1_B_1_8_A_2_8_tmp_2_16__lp3_n_8_f,324.0,1458.0,17.0,1874.0,40.0,40.0
k2mm,tmp_1_1_B_2_1_B_1_8_A_2_8_tmp_2_64__lp3_n_8_f,324.0,1651.0,17.0,2114.0,40.0,40.0
k2mm,tmp_1_1_B_2_1_B_1_16_A_2_16_tmp_2_1__lp3_n_16_f,291.0,1657.0,17.0,2293.0,72.0,72.0
k2mm,tmp_1_1_B_2_1_B_1_16_A_2_16_tmp_2_2__lp3_n_16_f,291.0,1665.0,17.0,2304.0,72.0,72.0
k2mm,tmp_1_1_B_2_1_B_1_16_A_2_16_tmp_2_4__lp3_n_16_f,291.0,1675.0,17.0,2323.0,72.0,72.0
k2mm,tmp_1_1_B_2_1_B_1_16_A_2_16_tmp_2_8__lp3_n_16_f,292.0,1701.0,17.0,2357.0,72.0,72.0
k2mm,tmp_1_1_B_2_1_B_1_16_A_2_16_tmp_2_16__lp3_n_16_f,292.0,1722.0,17.0,2414.0,72.0,72.0
k2mm,tmp_1_1_B_2_1_B_1_16_A_2_16_tmp_2_64__lp3_n_16_f,292.0,1915.0,17.0,2654.0,72.0,72.0
k2mm,tmp_1_1_B_2_1_B_1_1_A_2_1_tmp_2_8__lp3_n_1_f,772.0,596.0,5.0,619.0,12.0,12.0
k2mm,tmp_1_2_B_2_2_B_1_1_A_2_1_tmp_2_1__lp3_n_1_f,771.0,572.0,5.0,588.0,12.0,12.0
k2mm,tmp_1_2_C_2_1_D_2_1_tmp_2_1_C_1_1__lp6_n_1_f,583.0,564.0,5.0,581.0,9.0,9.0
k2mm,tmp_1_2_B_2_2_B_1_1_A_2_1_tmp_2_2__lp3_n_1_f,771.0,589.0,5.0,606.0,12.0,12.0
k2mm,tmp_1_2_C_2_1_D_2_1_tmp_2_2_C_1_2__lp6_n_2_f,423.0,742.0,8.0,842.0,13.0,13.0
k2mm,tmp_1_2_B_2_2_B_1_1_A_2_1_tmp_2_4__lp3_n_1_f,771.0,610.0,5.0,640.0,12.0,12.0
k2mm,tmp_1_2_C_2_1_D_2_1_tmp_2_4_C_1_4__lp6_n_4_f,343.0,1080.0,14.0,1297.0,21.0,21.0
k2mm,tmp_1_2_B_2_2_B_1_1_A_2_1_tmp_2_8__lp3_n_1_f,772.0,655.0,5.0,698.0,12.0,12.0
k2mm,tmp_1_2_C_2_1_D_2_1_tmp_2_8_C_1_8__lp6_n_8_f,303.0,1351.0,17.0,1745.0,37.0,37.0
k2mm,tmp_1_2_B_2_2_B_1_1_A_2_1_tmp_2_16__lp3_n_1_f,772.0,698.0,5.0,795.0,12.0,12.0
k2mm,tmp_1_2_C_2_1_D_2_1_tmp_2_16_C_1_16__lp6_n_16_f,283.0,1693.0,17.0,2286.0,69.0,69.0
k2mm,tmp_1_1_C_2_1_D_2_1_tmp_2_8_C_1_8__lp6_n_8_f,303.0,1151.0,14.0,1585.0,37.0,37.0
k2mm,tmp_1_2_C_2_2_D_2_2_tmp_2_1_C_1_1__lp6_n_1_f,583.0,608.0,5.0,598.0,9.0,9.0
k2mm,tmp_1_2_C_2_2_D_2_2_tmp_2_2_C_1_2__lp6_n_2_f,423.0,795.0,8.0,852.0,13.0,13.0
k2mm,tmp_1_2_C_2_2_D_2_2_tmp_2_4_C_1_4__lp6_n_4_f,343.0,1151.0,14.0,1307.0,21.0,21.0
k2mm,tmp_1_2_C_2_2_D_2_2_tmp_2_8_C_1_8__lp6_n_8_f,303.0,1458.0,17.0,1754.0,37.0,37.0
k2mm,tmp_1_2_C_2_2_D_2_2_tmp_2_16_C_1_16__lp6_n_16_f,283.0,1872.0,17.0,2295.0,69.0,69.0
k2mm,tmp_1_2_C_2_4_D_2_4_tmp_2_1_C_1_1__lp6_n_1_f,583.0,656.0,5.0,616.0,9.0,9.0
k2mm,tmp_1_2_C_2_4_D_2_4_tmp_2_2_C_1_2__lp6_n_2_f,423.0,854.0,8.0,870.0,13.0,13.0
k2mm,tmp_1_2_C_2_4_D_2_4_tmp_2_4_C_1_4__lp6_n_4_f,343.0,1232.0,14.0,1325.0,21.0,21.0
k2mm,tmp_1_2_C_2_4_D_2_4_tmp_2_8_C_1_8__lp6_n_8_f,303.0,1583.0,17.0,1771.0,37.0,37.0
k2mm,tmp_1_2_C_2_4_D_2_4_tmp_2_16_C_1_16__lp6_n_16_f,283.0,2085.0,17.0,2312.0,69.0,69.0
k2mm,tmp_1_1_B_2_1_B_1_1_A_2_1_tmp_2_16__lp3_n_1_f,772.0,617.0,5.0,676.0,12.0,12.0
k2mm,tmp_1_1_B_2_1_B_1_1_A_2_1_tmp_2_1__lp3_n_1_f,771.0,556.0,5.0,555.0,12.0,12.0
k2mm,tmp_1_1_C_2_1_D_2_1_tmp_2_16_C_1_16__lp6_n_16_f,283.0,1409.0,14.0,2126.0,69.0,69.0
k2mm,tmp_1_1_C_2_2_D_2_2_tmp_2_1_C_1_1__lp6_n_1_f,583.0,600.0,5.0,598.0,9.0,9.0
k2mm,tmp_1_2_B_2_2_B_1_1_A_2_1_tmp_2_64__lp3_n_1_f,772.0,1100.0,5.0,1195.0,12.0,12.0
k2mm,tmp_1_2_B_2_2_B_1_2_A_2_2_tmp_2_1__lp3_n_2_f,515.0,773.0,8.0,828.0,16.0,16.0
k2mm,tmp_1_2_B_2_2_B_1_2_A_2_2_tmp_2_2__lp3_n_2_f,515.0,790.0,8.0,846.0,16.0,16.0
k2mm,tmp_1_2_B_2_2_B_1_2_A_2_2_tmp_2_4__lp3_n_2_f,515.0,811.0,8.0,880.0,16.0,16.0
k2mm,tmp_1_2_B_2_2_B_1_2_A_2_2_tmp_2_8__lp3_n_2_f,516.0,860.0,8.0,938.0,16.0,16.0
k2mm,tmp_1_2_B_2_2_B_1_2_A_2_2_tmp_2_16__lp3_n_2_f,516.0,903.0,8.0,1035.0,16.0,16.0
k2mm,tmp_1_1_C_2_2_D_2_2_tmp_2_2_C_1_2__lp6_n_2_f,423.0,777.0,8.0,851.0,13.0,13.0
k2mm,tmp_1_2_B_2_2_B_1_2_A_2_2_tmp_2_64__lp3_n_2_f,516.0,1305.0,8.0,1436.0,16.0,16.0
k2mm,tmp_1_2_B_2_2_B_1_4_A_2_4_tmp_2_1__lp3_n_4_f,387.0,1166.0,14.0,1282.0,24.0,24.0
k2mm,tmp_1_2_B_2_2_B_1_4_A_2_4_tmp_2_2__lp3_n_4_f,387.0,1183.0,14.0,1300.0,24.0,24.0
k2mm,tmp_1_2_B_2_2_B_1_4_A_2_4_tmp_2_4__lp3_n_4_f,387.0,1204.0,14.0,1334.0,24.0,24.0
k2mm,tmp_1_2_B_2_2_B_1_4_A_2_4_tmp_2_8__lp3_n_4_f,388.0,1254.0,14.0,1392.0,24.0,24.0
k2mm,tmp_1_2_B_2_2_B_1_4_A_2_4_tmp_2_16__lp3_n_4_f,388.0,1297.0,14.0,1489.0,24.0,24.0
k2mm,tmp_1_2_B_2_2_B_1_4_A_2_4_tmp_2_64__lp3_n_4_f,388.0,1699.0,14.0,1890.0,24.0,24.0
k2mm,tmp_1_2_B_2_2_B_1_8_A_2_8_tmp_2_1__lp3_n_8_f,323.0,1628.0,20.0,1921.0,40.0,40.0
k2mm,tmp_1_2_B_2_2_B_1_8_A_2_8_tmp_2_2__lp3_n_8_f,323.0,1645.0,20.0,1939.0,40.0,40.0
k2mm,tmp_1_2_B_2_2_B_1_8_A_2_8_tmp_2_4__lp3_n_8_f,323.0,1666.0,20.0,1973.0,40.0,40.0
k2mm,tmp_1_1_C_2_2_D_2_2_tmp_2_4_C_1_4__lp6_n_4_f,343.0,1115.0,14.0,1306.0,21.0,21.0
k2mm,tmp_1_2_B_2_2_B_1_8_A_2_8_tmp_2_8__lp3_n_8_f,324.0,1717.0,20.0,2031.0,40.0,40.0
k2mm,tmp_1_2_B_2_2_B_1_8_A_2_8_tmp_2_16__lp3_n_8_f,324.0,1760.0,20.0,2128.0,40.0,40.0
k2mm,tmp_1_2_B_2_2_B_1_8_A_2_8_tmp_2_64__lp3_n_8_f,324.0,2162.0,20.0,2529.0,40.0,40.0
k2mm,tmp_1_2_B_2_2_B_1_16_A_2_16_tmp_2_1__lp3_n_16_f,291.0,1977.0,20.0,2461.0,72.0,72.0
k2mm,tmp_1_2_B_2_2_B_1_16_A_2_16_tmp_2_2__lp3_n_16_f,291.0,1994.0,20.0,2479.0,72.0,72.0
k2mm,tmp_1_2_B_2_2_B_1_16_A_2_16_tmp_2_4__lp3_n_16_f,291.0,2015.0,20.0,2513.0,72.0,72.0
k2mm,tmp_1_2_B_2_2_B_1_16_A_2_16_tmp_2_8__lp3_n_16_f,292.0,2064.0,20.0,2571.0,72.0,72.0
k2mm,tmp_1_2_B_2_2_B_1_16_A_2_16_tmp_2_16__lp3_n_16_f,292.0,2107.0,20.0,2668.0,72.0,72.0
k2mm,tmp_1_2_B_2_2_B_1_16_A_2_16_tmp_2_64__lp3_n_16_f,292.0,2509.0,20.0,3069.0,72.0,72.0
k2mm,tmp_1_4_B_2_4_B_1_1_A_2_1_tmp_2_1__lp3_n_1_f,771.0,592.0,5.0,585.0,12.0,12.0
k2mm,tmp_1_1_C_2_2_D_2_2_tmp_2_8_C_1_8__lp6_n_8_f,303.0,1386.0,17.0,1754.0,37.0,37.0
k2mm,tmp_1_4_C_2_1_D_2_1_tmp_2_1_C_1_1__lp6_n_1_f,583.0,574.0,5.0,580.0,9.0,9.0
k2mm,tmp_1_4_B_2_4_B_1_1_A_2_1_tmp_2_2__lp3_n_1_f,771.0,627.0,5.0,618.0,12.0,12.0
k2mm,tmp_1_4_C_2_1_D_2_1_tmp_2_2_C_1_2__lp6_n_2_f,423.0,764.0,8.0,843.0,13.0,13.0
k2mm,tmp_1_4_B_2_4_B_1_1_A_2_1_tmp_2_4__lp3_n_1_f,771.0,670.0,5.0,673.0,12.0,12.0
k2mm,tmp_1_4_C_2_1_D_2_1_tmp_2_4_C_1_4__lp6_n_4_f,343.0,1124.0,14.0,1298.0,21.0,21.0
k2mm,tmp_1_4_B_2_4_B_1_1_A_2_1_tmp_2_8__lp3_n_1_f,772.0,761.0,5.0,773.0,12.0,12.0
k2mm,tmp_1_4_C_2_1_D_2_1_tmp_2_8_C_1_8__lp6_n_8_f,303.0,1439.0,17.0,1745.0,37.0,37.0
k2mm,tmp_1_4_B_2_4_B_1_1_A_2_1_tmp_2_16__lp3_n_1_f,772.0,848.0,5.0,934.0,12.0,12.0
k2mm,tmp_1_4_C_2_1_D_2_1_tmp_2_16_C_1_16__lp6_n_16_f,283.0,1869.0,17.0,2290.0,69.0,69.0
k2mm,tmp_1_4_C_2_2_D_2_2_tmp_2_1_C_1_1__lp6_n_1_f,583.0,618.0,5.0,598.0,9.0,9.0
k2mm,tmp_1_1_C_2_2_D_2_2_tmp_2_16_C_1_16__lp6_n_16_f,283.0,1728.0,17.0,2295.0,69.0,69.0
k2mm,tmp_1_4_C_2_2_D_2_2_tmp_2_2_C_1_2__lp6_n_2_f,423.0,817.0,8.0,853.0,13.0,13.0
k2mm,tmp_1_4_C_2_2_D_2_2_tmp_2_4_C_1_4__lp6_n_4_f,343.0,1195.0,14.0,1308.0,21.0,21.0
k2mm,tmp_1_4_C_2_2_D_2_2_tmp_2_8_C_1_8__lp6_n_8_f,303.0,1546.0,17.0,1754.0,37.0,37.0
k2mm,tmp_1_4_C_2_2_D_2_2_tmp_2_16_C_1_16__lp6_n_16_f,283.0,2048.0,17.0,2299.0,69.0,69.0
k2mm,tmp_1_4_C_2_4_D_2_4_tmp_2_1_C_1_1__lp6_n_1_f,583.0,666.0,5.0,616.0,9.0,9.0
k2mm,tmp_1_4_C_2_4_D_2_4_tmp_2_2_C_1_2__lp6_n_2_f,423.0,876.0,8.0,871.0,13.0,13.0
k2mm,tmp_1_4_C_2_4_D_2_4_tmp_2_4_C_1_4__lp6_n_4_f,343.0,1276.0,14.0,1326.0,21.0,21.0
k2mm,tmp_1_4_C_2_4_D_2_4_tmp_2_8_C_1_8__lp6_n_8_f,303.0,1671.0,17.0,1771.0,37.0,37.0
k2mm,tmp_1_4_C_2_4_D_2_4_tmp_2_16_C_1_16__lp6_n_16_f,283.0,2261.0,17.0,2316.0,69.0,69.0
k2mm,tmp_1_1_C_2_4_D_2_4_tmp_2_1_C_1_1__lp6_n_1_f,583.0,648.0,5.0,616.0,9.0,9.0
k2mm,tmp_1_1_C_2_4_D_2_4_tmp_2_2_C_1_2__lp6_n_2_f,423.0,836.0,8.0,869.0,13.0,13.0
k2mm,tmp_1_4_B_2_4_B_1_1_A_2_1_tmp_2_64__lp3_n_1_f,772.0,1667.0,5.0,1558.0,12.0,12.0
k2mm,tmp_1_1_C_2_4_D_2_4_tmp_2_4_C_1_4__lp6_n_4_f,343.0,1196.0,14.0,1324.0,21.0,21.0
k2mm,tmp_1_4_B_2_4_B_1_2_A_2_2_tmp_2_1__lp3_n_2_f,515.0,804.0,8.0,846.0,16.0,16.0
k2mm,tmp_1_4_B_2_4_B_1_2_A_2_2_tmp_2_2__lp3_n_2_f,515.0,839.0,8.0,879.0,16.0,16.0
k2mm,tmp_1_4_B_2_4_B_1_2_A_2_2_tmp_2_4__lp3_n_2_f,515.0,882.0,8.0,934.0,16.0,16.0
k2mm,tmp_1_4_B_2_4_B_1_2_A_2_2_tmp_2_8__lp3_n_2_f,516.0,977.0,8.0,1034.0,16.0,16.0
k2mm,tmp_1_4_B_2_4_B_1_2_A_2_2_tmp_2_16__lp3_n_2_f,516.0,1064.0,8.0,1195.0,16.0,16.0
k2mm,tmp_1_4_B_2_4_B_1_2_A_2_2_tmp_2_64__lp3_n_2_f,516.0,1883.0,8.0,1820.0,16.0,16.0
k2mm,tmp_1_1_C_2_4_D_2_4_tmp_2_8_C_1_8__lp6_n_8_f,303.0,1511.0,17.0,1771.0,37.0,37.0
k2mm,tmp_1_4_B_2_4_B_1_4_A_2_4_tmp_2_1__lp3_n_4_f,387.0,1219.0,14.0,1299.0,24.0,24.0
k2mm,tmp_1_4_B_2_4_B_1_4_A_2_4_tmp_2_2__lp3_n_4_f,387.0,1254.0,14.0,1332.0,24.0,24.0
k2mm,tmp_1_4_B_2_4_B_1_4_A_2_4_tmp_2_4__lp3_n_4_f,387.0,1297.0,14.0,1387.0,24.0,24.0
k2mm,tmp_1_4_B_2_4_B_1_4_A_2_4_tmp_2_8__lp3_n_4_f,388.0,1393.0,14.0,1487.0,24.0,24.0
k2mm,tmp_1_4_B_2_4_B_1_4_A_2_4_tmp_2_16__lp3_n_4_f,388.0,1480.0,14.0,1648.0,24.0,24.0
k2mm,tmp_1_4_B_2_4_B_1_4_A_2_4_tmp_2_64__lp3_n_4_f,388.0,2299.0,14.0,2274.0,24.0,24.0
k2mm,tmp_1_4_B_2_4_B_1_8_A_2_8_tmp_2_1__lp3_n_8_f,323.0,1725.0,20.0,1937.0,40.0,40.0
k2mm,tmp_1_4_B_2_4_B_1_8_A_2_8_tmp_2_2__lp3_n_8_f,323.0,1760.0,20.0,1970.0,40.0,40.0
k2mm,tmp_1_4_B_2_4_B_1_8_A_2_8_tmp_2_4__lp3_n_8_f,323.0,1803.0,20.0,2025.0,40.0,40.0
k2mm,tmp_1_4_B_2_4_B_1_8_A_2_8_tmp_2_8__lp3_n_8_f,324.0,1900.0,20.0,2125.0,40.0,40.0
k2mm,tmp_1_1_C_2_1_D_2_1_tmp_2_1_C_1_1__lp6_n_1_f,583.0,556.0,5.0,576.0,9.0,9.0
k2mm,tmp_1_1_C_2_4_D_2_4_tmp_2_16_C_1_16__lp6_n_16_f,283.0,1941.0,17.0,2312.0,69.0,69.0
k2mm,tmp_1_4_B_2_4_B_1_8_A_2_8_tmp_2_16__lp3_n_8_f,324.0,1987.0,20.0,2286.0,40.0,40.0
k2mm,tmp_1_4_B_2_4_B_1_8_A_2_8_tmp_2_64__lp3_n_8_f,324.0,2806.0,20.0,2912.0,40.0,40.0
k2mm,tmp_1_4_B_2_4_B_1_16_A_2_16_tmp_2_1__lp3_n_16_f,291.0,2162.0,20.0,2477.0,72.0,72.0
k2mm,tmp_1_4_B_2_4_B_1_16_A_2_16_tmp_2_2__lp3_n_16_f,291.0,2197.0,20.0,2510.0,72.0,72.0
k2mm,tmp_1_4_B_2_4_B_1_16_A_2_16_tmp_2_4__lp3_n_16_f,291.0,2240.0,20.0,2565.0,72.0,72.0
k2mm,tmp_1_4_B_2_4_B_1_16_A_2_16_tmp_2_8__lp3_n_16_f,292.0,2335.0,20.0,2665.0,72.0,72.0
k2mm,tmp_1_4_B_2_4_B_1_16_A_2_16_tmp_2_16__lp3_n_16_f,292.0,2422.0,20.0,2826.0,72.0,72.0
k2mm,tmp_1_4_B_2_4_B_1_16_A_2_16_tmp_2_64__lp3_n_16_f,292.0,3241.0,20.0,3452.0,72.0,72.0
k2mm,tmp_1_1_B_2_1_B_1_1_A_2_1_tmp_2_2__lp3_n_1_f,771.0,564.0,5.0,566.0,12.0,12.0
k3mm,E_2_1_F_2_2_G_2_2_F_1_8__lp6_n_8_f,299.0,928.0,5.0,921.0,37.0,37.0
k3mm,E_2_1_F_2_1_G_2_2_F_1_8__lp6_n_8_f,299.0,857.0,5.0,923.0,37.0,37.0
k3mm,E_2_2_F_2_1_G_2_1_F_1_2__lp6_n_2_f,419.0,660.0,8.0,805.0,13.0,13.0
k3mm,E_2_1_F_2_1_B_2_1_D_2_1_B_1_1_D_1_1_A_2_1_C_2_1_F_1_2__lp3_n_1_f,579.0,913.0,10.0,1046.0,9.0,9.0
k3mm,E_2_1_F_2_1_G_2_1_F_1_2__lp6_n_2_f,419.0,592.0,5.0,657.0,13.0,13.0
k3mm,E_2_64_F_2_1_B_2_1_D_2_1_B_1_1_D_1_1_A_2_1_C_2_1_F_1_64__lp3_n_1_f,581.0,1413.0,10.0,1781.0,9.0,9.0
k3mm,E_2_1_F_2_1_B_2_1_D_2_1_B_1_1_D_1_1_A_2_1_C_2_1_F_1_64__lp3_n_1_f,580.0,1159.0,10.0,1408.0,9.0,9.0
k3mm,E_2_64_F_2_2_B_2_1_D_2_1_B_1_1_D_1_1_A_2_1_C_2_1_F_1_64__lp3_n_1_f,581.0,1989.0,10.0,2044.0,9.0,9.0
k3mm,E_2_4_F_2_1_B_2_1_D_2_1_B_1_1_D_1_1_A_2_1_C_2_1_F_1_4__lp3_n_1_f,579.0,941.0,10.0,1095.0,9.0,9.0
k3mm,E_2_1_F_2_2_B_2_1_D_2_1_B_1_1_D_1_1_A_2_1_C_2_1_F_1_64__lp3_n_1_f,580.0,1735.0,10.0,1665.0,9.0,9.0
k3mm,E_2_1_F_2_1_B_2_1_D_2_1_B_1_2_D_1_2_A_2_2_C_2_2_F_1_1__lp3_n_2_f,419.0,1181.0,16.0,1556.0,13.0,13.0
k3mm,E_2_2_F_2_1_B_2_1_D_2_1_B_1_2_D_1_2_A_2_2_C_2_2_F_1_2__lp3_n_2_f,419.0,1216.0,16.0,1578.0,13.0,13.0
k3mm,E_2_1_F_2_1_B_2_1_D_2_1_B_1_2_D_1_2_A_2_2_C_2_2_F_1_2__lp3_n_2_f,419.0,1208.0,16.0,1567.0,13.0,13.0
k3mm,E_2_4_F_2_1_B_2_1_D_2_1_B_1_2_D_1_2_A_2_2_C_2_2_F_1_4__lp3_n_2_f,419.0,1236.0,16.0,1616.0,13.0,13.0
k3mm,E_2_4_F_2_1_G_2_1_F_1_4__lp6_n_4_f,339.0,997.0,14.0,1260.0,21.0,21.0
k3mm,E_2_1_F_2_1_B_2_1_D_2_1_B_1_2_D_1_2_A_2_2_C_2_2_F_1_4__lp3_n_2_f,419.0,1218.0,16.0,1586.0,13.0,13.0
k3mm,E_2_8_F_2_1_B_2_1_D_2_1_B_1_2_D_1_2_A_2_2_C_2_2_F_1_8__lp3_n_2_f,421.0,1304.0,16.0,1684.0,13.0,13.0
k3mm,E_2_1_F_2_1_B_2_1_D_2_1_B_1_2_D_1_2_A_2_2_C_2_2_F_1_8__lp3_n_2_f,420.0,1256.0,16.0,1620.0,13.0,13.0
k3mm,E_2_1_F_2_2_B_2_1_D_2_1_B_1_2_D_1_2_A_2_2_C_2_2_F_1_1__lp3_n_2_f,419.0,1208.0,16.0,1567.0,13.0,13.0
k3mm,E_2_2_F_2_2_B_2_1_D_2_1_B_1_2_D_1_2_A_2_2_C_2_2_F_1_2__lp3_n_2_f,419.0,1233.0,16.0,1596.0,13.0,13.0
k3mm,E_2_1_F_2_2_B_2_1_D_2_1_B_1_2_D_1_2_A_2_2_C_2_2_F_1_2__lp3_n_2_f,419.0,1225.0,16.0,1586.0,13.0,13.0
k3mm,E_2_4_F_2_2_B_2_1_D_2_1_B_1_2_D_1_2_A_2_2_C_2_2_F_1_4__lp3_n_2_f,419.0,1271.0,16.0,1649.0,13.0,13.0
k3mm,E_2_1_F_2_2_B_2_1_D_2_1_B_1_2_D_1_2_A_2_2_C_2_2_F_1_4__lp3_n_2_f,419.0,1253.0,16.0,1619.0,13.0,13.0
k3mm,E_2_8_F_2_2_B_2_1_D_2_1_B_1_2_D_1_2_A_2_2_C_2_2_F_1_8__lp3_n_2_f,421.0,1375.0,16.0,1741.0,13.0,13.0
k3mm,E_2_1_F_2_2_B_2_1_D_2_1_B_1_2_D_1_2_A_2_2_C_2_2_F_1_8__lp3_n_2_f,420.0,1327.0,16.0,1677.0,13.0,13.0
k3mm,E_2_1_F_2_1_B_2_1_D_2_1_B_1_1_D_1_1_A_2_1_C_2_1_F_1_4__lp3_n_1_f,579.0,923.0,10.0,1065.0,9.0,9.0
k3mm,E_2_64_F_2_1_B_2_1_D_2_1_B_1_2_D_1_2_A_2_2_C_2_2_F_1_64__lp3_n_2_f,421.0,1732.0,16.0,2284.0,13.0,13.0
k3mm,E_2_1_F_2_1_B_2_1_D_2_1_B_1_2_D_1_2_A_2_2_C_2_2_F_1_64__lp3_n_2_f,420.0,1470.0,16.0,1929.0,13.0,13.0
k3mm,E_2_64_F_2_2_B_2_1_D_2_1_B_1_2_D_1_2_A_2_2_C_2_2_F_1_64__lp3_n_2_f,421.0,2308.0,16.0,2547.0,13.0,13.0
k3mm,E_2_1_F_2_2_B_2_1_D_2_1_B_1_2_D_1_2_A_2_2_C_2_2_F_1_64__lp3_n_2_f,420.0,2046.0,16.0,2186.0,13.0,13.0
k3mm,E_2_1_F_2_1_B_2_1_D_2_1_B_1_4_D_1_4_A_2_4_C_2_4_F_1_1__lp3_n_4_f,339.0,1316.0,16.0,1839.0,21.0,21.0
k3mm,E_2_2_F_2_1_B_2_1_D_2_1_B_1_4_D_1_4_A_2_4_C_2_4_F_1_2__lp3_n_4_f,339.0,1351.0,16.0,1861.0,21.0,21.0
k3mm,E_2_1_F_2_1_B_2_1_D_2_1_B_1_4_D_1_4_A_2_4_C_2_4_F_1_2__lp3_n_4_f,339.0,1343.0,16.0,1850.0,21.0,21.0
k3mm,E_2_4_F_2_1_B_2_1_D_2_1_B_1_4_D_1_4_A_2_4_C_2_4_F_1_4__lp3_n_4_f,339.0,1371.0,16.0,1899.0,21.0,21.0
k3mm,E_2_1_F_2_1_B_2_1_D_2_1_B_1_4_D_1_4_A_2_4_C_2_4_F_1_4__lp3_n_4_f,339.0,1353.0,16.0,1869.0,21.0,21.0
k3mm,E_2_8_F_2_1_B_2_1_D_2_1_B_1_4_D_1_4_A_2_4_C_2_4_F_1_8__lp3_n_4_f,341.0,1424.0,16.0,1967.0,21.0,21.0
k3mm,E_2_1_F_2_1_B_2_1_D_2_1_B_1_1_D_1_1_A_2_1_C_2_1_F_1_1__lp3_n_1_f,579.0,886.0,10.0,1035.0,9.0,9.0
k3mm,E_2_1_F_2_1_G_2_1_F_1_4__lp6_n_4_f,339.0,701.0,5.0,770.0,21.0,21.0
k3mm,E_2_1_F_2_1_B_2_1_D_2_1_B_1_4_D_1_4_A_2_4_C_2_4_F_1_8__lp3_n_4_f,340.0,1379.0,16.0,1903.0,21.0,21.0
k3mm,E_2_1_F_2_2_B_2_1_D_2_1_B_1_4_D_1_4_A_2_4_C_2_4_F_1_1__lp3_n_4_f,339.0,1343.0,16.0,1850.0,21.0,21.0
k3mm,E_2_2_F_2_2_B_2_1_D_2_1_B_1_4_D_1_4_A_2_4_C_2_4_F_1_2__lp3_n_4_f,339.0,1368.0,16.0,1879.0,21.0,21.0
k3mm,E_2_1_F_2_2_B_2_1_D_2_1_B_1_4_D_1_4_A_2_4_C_2_4_F_1_2__lp3_n_4_f,339.0,1360.0,16.0,1869.0,21.0,21.0
k3mm,E_2_4_F_2_2_B_2_1_D_2_1_B_1_4_D_1_4_A_2_4_C_2_4_F_1_4__lp3_n_4_f,339.0,1406.0,16.0,1932.0,21.0,21.0
k3mm,E_2_1_F_2_2_B_2_1_D_2_1_B_1_4_D_1_4_A_2_4_C_2_4_F_1_4__lp3_n_4_f,339.0,1388.0,16.0,1902.0,21.0,21.0
k3mm,E_2_8_F_2_2_B_2_1_D_2_1_B_1_4_D_1_4_A_2_4_C_2_4_F_1_8__lp3_n_4_f,341.0,1495.0,16.0,2024.0,21.0,21.0
k3mm,E_2_1_F_2_2_B_2_1_D_2_1_B_1_4_D_1_4_A_2_4_C_2_4_F_1_8__lp3_n_4_f,340.0,1450.0,16.0,1960.0,21.0,21.0
k3mm,E_2_64_F_2_1_B_2_1_D_2_1_B_1_4_D_1_4_A_2_4_C_2_4_F_1_64__lp3_n_4_f,341.0,1852.0,16.0,2567.0,21.0,21.0
k3mm,E_2_1_F_2_1_B_2_1_D_2_1_B_1_4_D_1_4_A_2_4_C_2_4_F_1_64__lp3_n_4_f,340.0,1593.0,16.0,2212.0,21.0,21.0
k3mm,E_2_8_F_2_1_B_2_1_D_2_1_B_1_1_D_1_1_A_2_1_C_2_1_F_1_8__lp3_n_1_f,581.0,985.0,10.0,1163.0,9.0,9.0
k3mm,E_2_64_F_2_2_B_2_1_D_2_1_B_1_4_D_1_4_A_2_4_C_2_4_F_1_64__lp3_n_4_f,341.0,2428.0,16.0,2830.0,21.0,21.0
k3mm,E_2_1_F_2_2_B_2_1_D_2_1_B_1_4_D_1_4_A_2_4_C_2_4_F_1_64__lp3_n_4_f,340.0,2169.0,16.0,2469.0,21.0,21.0
k3mm,E_2_1_F_2_1_B_2_1_D_2_1_B_1_8_D_1_8_A_2_8_C_2_8_F_1_1__lp3_n_8_f,299.0,1463.0,16.0,2364.0,37.0,37.0
k3mm,E_2_2_F_2_1_B_2_1_D_2_1_B_1_8_D_1_8_A_2_8_C_2_8_F_1_2__lp3_n_8_f,299.0,1498.0,16.0,2386.0,37.0,37.0
k3mm,E_2_1_F_2_1_B_2_1_D_2_1_B_1_8_D_1_8_A_2_8_C_2_8_F_1_2__lp3_n_8_f,299.0,1490.0,16.0,2375.0,37.0,37.0
k3mm,E_2_4_F_2_1_B_2_1_D_2_1_B_1_8_D_1_8_A_2_8_C_2_8_F_1_4__lp3_n_8_f,299.0,1518.0,16.0,2424.0,37.0,37.0
k3mm,E_2_1_F_2_1_B_2_1_D_2_1_B_1_8_D_1_8_A_2_8_C_2_8_F_1_4__lp3_n_8_f,299.0,1500.0,16.0,2394.0,37.0,37.0
k3mm,E_2_8_F_2_1_B_2_1_D_2_1_B_1_8_D_1_8_A_2_8_C_2_8_F_1_8__lp3_n_8_f,301.0,1574.0,16.0,2492.0,37.0,37.0
k3mm,E_2_1_F_2_1_B_2_1_D_2_1_B_1_8_D_1_8_A_2_8_C_2_8_F_1_8__lp3_n_8_f,300.0,1528.0,16.0,2428.0,37.0,37.0
k3mm,E_2_1_F_2_2_B_2_1_D_2_1_B_1_8_D_1_8_A_2_8_C_2_8_F_1_1__lp3_n_8_f,299.0,1490.0,16.0,2375.0,37.0,37.0
k3mm,E_2_8_F_2_1_G_2_1_F_1_8__lp6_n_8_f,299.0,1114.0,14.0,1549.0,37.0,37.0
k3mm,E_2_2_F_2_2_B_2_1_D_2_1_B_1_8_D_1_8_A_2_8_C_2_8_F_1_2__lp3_n_8_f,299.0,1515.0,16.0,2404.0,37.0,37.0
k3mm,E_2_1_F_2_2_B_2_1_D_2_1_B_1_8_D_1_8_A_2_8_C_2_8_F_1_2__lp3_n_8_f,299.0,1507.0,16.0,2394.0,37.0,37.0
k3mm,E_2_4_F_2_2_B_2_1_D_2_1_B_1_8_D_1_8_A_2_8_C_2_8_F_1_4__lp3_n_8_f,299.0,1553.0,16.0,2457.0,37.0,37.0
k3mm,E_2_1_F_2_2_B_2_1_D_2_1_B_1_8_D_1_8_A_2_8_C_2_8_F_1_4__lp3_n_8_f,299.0,1535.0,16.0,2427.0,37.0,37.0
k3mm,E_2_8_F_2_2_B_2_1_D_2_1_B_1_8_D_1_8_A_2_8_C_2_8_F_1_8__lp3_n_8_f,301.0,1645.0,16.0,2549.0,37.0,37.0
k3mm,E_2_1_F_2_2_B_2_1_D_2_1_B_1_8_D_1_8_A_2_8_C_2_8_F_1_8__lp3_n_8_f,300.0,1599.0,16.0,2485.0,37.0,37.0
k3mm,E_2_64_F_2_1_B_2_1_D_2_1_B_1_8_D_1_8_A_2_8_C_2_8_F_1_64__lp3_n_8_f,301.0,2002.0,16.0,3092.0,37.0,37.0
k3mm,E_2_1_F_2_1_B_2_1_D_2_1_B_1_8_D_1_8_A_2_8_C_2_8_F_1_64__lp3_n_8_f,300.0,1742.0,16.0,2737.0,37.0,37.0
k3mm,E_2_64_F_2_2_B_2_1_D_2_1_B_1_8_D_1_8_A_2_8_C_2_8_F_1_64__lp3_n_8_f,301.0,2578.0,16.0,3355.0,37.0,37.0
k3mm,E_2_1_F_2_2_B_2_1_D_2_1_B_1_8_D_1_8_A_2_8_C_2_8_F_1_64__lp3_n_8_f,300.0,2318.0,16.0,2994.0,37.0,37.0
k3mm,E_2_1_F_2_1_B_2_1_D_2_1_B_1_1_D_1_1_A_2_1_C_2_1_F_1_8__lp3_n_1_f,580.0,945.0,10.0,1099.0,9.0,9.0
k3mm,E_2_2_F_2_2_B_2_2_D_2_2_B_1_1_D_1_1_A_2_1_C_2_1_F_1_1__lp3_n_1_f,579.0,920.0,10.0,1067.0,9.0,9.0
k3mm,E_2_2_F_2_2_G_2_1_F_1_1__lp6_n_1_f,579.0,526.0,5.0,547.0,9.0,9.0
k3mm,E_2_2_F_2_1_B_2_2_D_2_2_B_1_1_D_1_1_A_2_1_C_2_1_F_1_1__lp3_n_1_f,579.0,930.0,10.0,1057.0,9.0,9.0
k3mm,E_2_2_F_2_1_G_2_1_F_1_1__lp6_n_1_f,579.0,518.0,5.0,535.0,9.0,9.0
k3mm,E_2_1_F_2_2_B_2_2_D_2_2_B_1_1_D_1_1_A_2_1_C_2_1_F_1_1__lp3_n_1_f,579.0,930.0,10.0,1057.0,9.0,9.0
k3mm,E_2_1_F_2_2_G_2_1_F_1_1__lp6_n_1_f,579.0,536.0,5.0,552.0,9.0,9.0
k3mm,E_2_1_F_2_1_B_2_2_D_2_2_B_1_1_D_1_1_A_2_1_C_2_1_F_1_1__lp3_n_1_f,579.0,903.0,10.0,1047.0,9.0,9.0
k3mm,E_2_2_F_2_2_B_2_2_D_2_2_B_1_1_D_1_1_A_2_1_C_2_1_F_1_2__lp3_n_1_f,579.0,955.0,10.0,1086.0,9.0,9.0
k3mm,E_2_2_F_2_2_G_2_1_F_1_2__lp6_n_2_f,419.0,677.0,8.0,805.0,13.0,13.0
k3mm,E_2_2_F_2_1_B_2_2_D_2_2_B_1_1_D_1_1_A_2_1_C_2_1_F_1_2__lp3_n_1_f,579.0,938.0,10.0,1068.0,9.0,9.0
k3mm,E_2_1_F_2_1_G_2_1_F_1_8__lp6_n_8_f,299.0,849.0,5.0,912.0,37.0,37.0
k3mm,E_2_4_F_2_2_B_2_2_D_2_2_B_1_1_D_1_1_A_2_1_C_2_1_F_1_4__lp3_n_1_f,579.0,993.0,10.0,1139.0,9.0,9.0
k3mm,E_2_4_F_2_2_G_2_1_F_1_4__lp6_n_4_f,339.0,1032.0,14.0,1260.0,21.0,21.0
k3mm,E_2_4_F_2_1_B_2_2_D_2_2_B_1_1_D_1_1_A_2_1_C_2_1_F_1_4__lp3_n_1_f,579.0,958.0,10.0,1107.0,9.0,9.0
k3mm,E_2_2_F_2_2_B_2_2_D_2_2_B_1_1_D_1_1_A_2_1_C_2_1_F_1_4__lp3_n_1_f,579.0,983.0,10.0,1119.0,9.0,9.0
k3mm,E_2_2_F_2_2_G_2_1_F_1_4__lp6_n_4_f,339.0,851.0,8.0,945.0,21.0,21.0
k3mm,E_2_2_F_2_1_B_2_2_D_2_2_B_1_1_D_1_1_A_2_1_C_2_1_F_1_4__lp3_n_1_f,579.0,948.0,10.0,1087.0,9.0,9.0
k3mm,E_2_2_F_2_1_G_2_1_F_1_4__lp6_n_4_f,339.0,923.0,11.0,1115.0,21.0,21.0
k3mm,E_2_8_F_2_2_B_2_2_D_2_2_B_1_1_D_1_1_A_2_1_C_2_1_F_1_8__lp3_n_1_f,581.0,1073.0,10.0,1231.0,9.0,9.0
k3mm,E_2_8_F_2_2_G_2_1_F_1_8__lp6_n_8_f,299.0,1315.0,17.0,1708.0,37.0,37.0
k3mm,E_2_8_F_2_1_B_2_2_D_2_2_B_1_1_D_1_1_A_2_1_C_2_1_F_1_8__lp3_n_1_f,581.0,1002.0,10.0,1175.0,9.0,9.0
k3mm,E_2_1_F_2_2_B_2_1_D_2_1_B_1_1_D_1_1_A_2_1_C_2_1_F_1_1__lp3_n_1_f,579.0,913.0,10.0,1046.0,9.0,9.0
k3mm,E_2_2_F_2_2_B_2_2_D_2_2_B_1_1_D_1_1_A_2_1_C_2_1_F_1_8__lp3_n_1_f,580.0,1041.0,10.0,1177.0,9.0,9.0
k3mm,E_2_2_F_2_2_G_2_1_F_1_8__lp6_n_8_f,299.0,1022.0,8.0,1096.0,37.0,37.0
k3mm,E_2_2_F_2_1_B_2_2_D_2_2_B_1_1_D_1_1_A_2_1_C_2_1_F_1_8__lp3_n_1_f,580.0,970.0,10.0,1121.0,9.0,9.0
k3mm,E_2_2_F_2_1_G_2_1_F_1_8__lp6_n_8_f,299.0,1058.0,11.0,1257.0,37.0,37.0
k3mm,E_2_2_F_2_2_G_2_2_F_1_1__lp6_n_1_f,579.0,534.0,5.0,557.0,9.0,9.0
k3mm,E_2_2_F_2_2_G_2_2_F_1_4__lp6_n_4_f,339.0,859.0,8.0,955.0,21.0,21.0
k3mm,E_2_2_F_2_2_G_2_2_F_1_8__lp6_n_8_f,299.0,1030.0,8.0,1106.0,37.0,37.0
k3mm,E_2_1_F_2_2_G_2_2_F_1_1__lp6_n_1_f,579.0,544.0,5.0,562.0,9.0,9.0
k3mm,E_2_1_F_2_1_G_2_2_F_1_1__lp6_n_1_f,579.0,536.0,5.0,551.0,9.0,9.0
k3mm,E_2_64_F_2_2_B_2_2_D_2_2_B_1_1_D_1_1_A_2_1_C_2_1_F_1_64__lp3_n_1_f,581.0,2006.0,10.0,2037.0,9.0,9.0
k3mm,E_2_64_F_2_1_B_2_2_D_2_2_B_1_1_D_1_1_A_2_1_C_2_1_F_1_64__lp3_n_1_f,581.0,1430.0,10.0,1781.0,9.0,9.0
k3mm,E_2_2_F_2_2_B_2_2_D_2_2_B_1_1_D_1_1_A_2_1_C_2_1_F_1_64__lp3_n_1_f,580.0,1760.0,10.0,1686.0,9.0,9.0
k3mm,E_2_2_F_2_1_B_2_2_D_2_2_B_1_1_D_1_1_A_2_1_C_2_1_F_1_64__lp3_n_1_f,580.0,1184.0,10.0,1430.0,9.0,9.0
k3mm,E_2_2_F_2_2_B_2_1_D_2_1_B_1_1_D_1_1_A_2_1_C_2_1_F_1_2__lp3_n_1_f,579.0,938.0,10.0,1075.0,9.0,9.0
k3mm,E_2_2_F_2_2_B_2_2_D_2_2_B_1_2_D_1_2_A_2_2_C_2_2_F_1_1__lp3_n_2_f,419.0,1233.0,16.0,1576.0,13.0,13.0
k3mm,E_2_2_F_2_1_B_2_2_D_2_2_B_1_2_D_1_2_A_2_2_C_2_2_F_1_1__lp3_n_2_f,419.0,1243.0,16.0,1566.0,13.0,13.0
k3mm,E_2_1_F_2_2_B_2_2_D_2_2_B_1_2_D_1_2_A_2_2_C_2_2_F_1_1__lp3_n_2_f,419.0,1243.0,16.0,1566.0,13.0,13.0
k3mm,E_2_1_F_2_1_B_2_2_D_2_2_B_1_2_D_1_2_A_2_2_C_2_2_F_1_1__lp3_n_2_f,419.0,1216.0,16.0,1556.0,13.0,13.0
k3mm,E_2_2_F_2_2_B_2_2_D_2_2_B_1_2_D_1_2_A_2_2_C_2_2_F_1_2__lp3_n_2_f,419.0,1268.0,16.0,1595.0,13.0,13.0
k3mm,E_2_2_F_2_1_B_2_2_D_2_2_B_1_2_D_1_2_A_2_2_C_2_2_F_1_2__lp3_n_2_f,419.0,1251.0,16.0,1577.0,13.0,13.0
k3mm,E_2_4_F_2_2_B_2_2_D_2_2_B_1_2_D_1_2_A_2_2_C_2_2_F_1_4__lp3_n_2_f,419.0,1306.0,16.0,1648.0,13.0,13.0
k3mm,E_2_2_F_2_2_G_2_2_F_1_2__lp6_n_2_f,419.0,685.0,8.0,815.0,13.0,13.0
k3mm,E_2_4_F_2_1_B_2_2_D_2_2_B_1_2_D_1_2_A_2_2_C_2_2_F_1_4__lp3_n_2_f,419.0,1271.0,16.0,1616.0,13.0,13.0
k3mm,E_2_2_F_2_2_B_2_2_D_2_2_B_1_2_D_1_2_A_2_2_C_2_2_F_1_4__lp3_n_2_f,419.0,1296.0,16.0,1628.0,13.0,13.0
k3mm,E_2_2_F_2_1_B_2_2_D_2_2_B_1_2_D_1_2_A_2_2_C_2_2_F_1_4__lp3_n_2_f,419.0,1261.0,16.0,1596.0,13.0,13.0
k3mm,E_2_8_F_2_2_B_2_2_D_2_2_B_1_2_D_1_2_A_2_2_C_2_2_F_1_8__lp3_n_2_f,421.0,1410.0,16.0,1740.0,13.0,13.0
k3mm,E_2_8_F_2_1_B_2_2_D_2_2_B_1_2_D_1_2_A_2_2_C_2_2_F_1_8__lp3_n_2_f,421.0,1339.0,16.0,1684.0,13.0,13.0
k3mm,E_2_2_F_2_2_B_2_2_D_2_2_B_1_2_D_1_2_A_2_2_C_2_2_F_1_8__lp3_n_2_f,420.0,1370.0,16.0,1686.0,13.0,13.0
k3mm,E_2_2_F_2_1_B_2_2_D_2_2_B_1_2_D_1_2_A_2_2_C_2_2_F_1_8__lp3_n_2_f,420.0,1299.0,16.0,1630.0,13.0,13.0
k3mm,E_2_64_F_2_2_B_2_2_D_2_2_B_1_2_D_1_2_A_2_2_C_2_2_F_1_64__lp3_n_2_f,421.0,2343.0,16.0,2540.0,13.0,13.0
k3mm,E_2_64_F_2_1_B_2_2_D_2_2_B_1_2_D_1_2_A_2_2_C_2_2_F_1_64__lp3_n_2_f,421.0,1767.0,16.0,2284.0,13.0,13.0
k3mm,E_2_2_F_2_2_B_2_2_D_2_2_B_1_2_D_1_2_A_2_2_C_2_2_F_1_64__lp3_n_2_f,420.0,2089.0,16.0,2195.0,13.0,13.0
k3mm,E_2_1_F_2_1_G_2_1_F_1_1__lp6_n_1_f,579.0,528.0,5.0,540.0,9.0,9.0
k3mm,E_2_2_F_2_1_G_2_2_F_1_2__lp6_n_2_f,419.0,668.0,8.0,816.0,13.0,13.0
k3mm,E_2_2_F_2_1_B_2_2_D_2_2_B_1_2_D_1_2_A_2_2_C_2_2_F_1_64__lp3_n_2_f,420.0,1513.0,16.0,1939.0,13.0,13.0
k3mm,E_2_2_F_2_2_B_2_2_D_2_2_B_1_4_D_1_4_A_2_4_C_2_4_F_1_1__lp3_n_4_f,339.0,1662.0,22.0,2178.0,21.0,21.0
k3mm,E_2_2_F_2_1_B_2_2_D_2_2_B_1_4_D_1_4_A_2_4_C_2_4_F_1_1__lp3_n_4_f,339.0,1672.0,22.0,2168.0,21.0,21.0
k3mm,E_2_1_F_2_2_B_2_2_D_2_2_B_1_4_D_1_4_A_2_4_C_2_4_F_1_1__lp3_n_4_f,339.0,1672.0,22.0,2168.0,21.0,21.0
k3mm,E_2_1_F_2_1_B_2_2_D_2_2_B_1_4_D_1_4_A_2_4_C_2_4_F_1_1__lp3_n_4_f,339.0,1645.0,22.0,2158.0,21.0,21.0
k3mm,E_2_2_F_2_2_B_2_2_D_2_2_B_1_4_D_1_4_A_2_4_C_2_4_F_1_2__lp3_n_4_f,339.0,1697.0,22.0,2197.0,21.0,21.0
k3mm,E_2_2_F_2_1_B_2_2_D_2_2_B_1_4_D_1_4_A_2_4_C_2_4_F_1_2__lp3_n_4_f,339.0,1680.0,22.0,2179.0,21.0,21.0
k3mm,E_2_4_F_2_2_B_2_2_D_2_2_B_1_4_D_1_4_A_2_4_C_2_4_F_1_4__lp3_n_4_f,339.0,1735.0,22.0,2250.0,21.0,21.0
k3mm,E_2_4_F_2_1_B_2_2_D_2_2_B_1_4_D_1_4_A_2_4_C_2_4_F_1_4__lp3_n_4_f,339.0,1700.0,22.0,2218.0,21.0,21.0
k3mm,E_2_2_F_2_2_B_2_2_D_2_2_B_1_4_D_1_4_A_2_4_C_2_4_F_1_4__lp3_n_4_f,339.0,1725.0,22.0,2230.0,21.0,21.0
k3mm,E_2_1_F_2_2_B_2_1_D_2_1_B_1_1_D_1_1_A_2_1_C_2_1_F_1_2__lp3_n_1_f,579.0,930.0,10.0,1065.0,9.0,9.0
k3mm,E_2_2_F_2_1_B_2_2_D_2_2_B_1_4_D_1_4_A_2_4_C_2_4_F_1_4__lp3_n_4_f,339.0,1690.0,22.0,2198.0,21.0,21.0
k3mm,E_2_8_F_2_2_B_2_2_D_2_2_B_1_4_D_1_4_A_2_4_C_2_4_F_1_8__lp3_n_4_f,341.0,1824.0,22.0,2342.0,21.0,21.0
k3mm,E_2_8_F_2_1_B_2_2_D_2_2_B_1_4_D_1_4_A_2_4_C_2_4_F_1_8__lp3_n_4_f,341.0,1753.0,22.0,2286.0,21.0,21.0
k3mm,E_2_2_F_2_2_B_2_2_D_2_2_B_1_4_D_1_4_A_2_4_C_2_4_F_1_8__lp3_n_4_f,340.0,1787.0,22.0,2288.0,21.0,21.0
k3mm,E_2_2_F_2_1_B_2_2_D_2_2_B_1_4_D_1_4_A_2_4_C_2_4_F_1_8__lp3_n_4_f,340.0,1716.0,22.0,2232.0,21.0,21.0
k3mm,E_2_64_F_2_2_B_2_2_D_2_2_B_1_4_D_1_4_A_2_4_C_2_4_F_1_64__lp3_n_4_f,341.0,2757.0,22.0,3142.0,21.0,21.0
k3mm,E_2_64_F_2_1_B_2_2_D_2_2_B_1_4_D_1_4_A_2_4_C_2_4_F_1_64__lp3_n_4_f,341.0,2181.0,22.0,2886.0,21.0,21.0
k3mm,E_2_2_F_2_2_B_2_2_D_2_2_B_1_4_D_1_4_A_2_4_C_2_4_F_1_64__lp3_n_4_f,340.0,2506.0,22.0,2797.0,21.0,21.0
k3mm,E_2_2_F_2_1_B_2_2_D_2_2_B_1_4_D_1_4_A_2_4_C_2_4_F_1_64__lp3_n_4_f,340.0,1930.0,22.0,2541.0,21.0,21.0
k3mm,E_2_2_F_2_2_B_2_2_D_2_2_B_1_8_D_1_8_A_2_8_C_2_8_F_1_1__lp3_n_8_f,299.0,1881.0,22.0,2703.0,37.0,37.0
k3mm,E_2_1_F_2_2_G_2_2_F_1_2__lp6_n_2_f,419.0,617.0,5.0,667.0,13.0,13.0
k3mm,E_2_2_F_2_1_B_2_2_D_2_2_B_1_8_D_1_8_A_2_8_C_2_8_F_1_1__lp3_n_8_f,299.0,1891.0,22.0,2693.0,37.0,37.0
k3mm,E_2_1_F_2_2_B_2_2_D_2_2_B_1_8_D_1_8_A_2_8_C_2_8_F_1_1__lp3_n_8_f,299.0,1891.0,22.0,2693.0,37.0,37.0
k3mm,E_2_1_F_2_1_B_2_2_D_2_2_B_1_8_D_1_8_A_2_8_C_2_8_F_1_1__lp3_n_8_f,299.0,1864.0,22.0,2683.0,37.0,37.0
k3mm,E_2_2_F_2_2_B_2_2_D_2_2_B_1_8_D_1_8_A_2_8_C_2_8_F_1_2__lp3_n_8_f,299.0,1916.0,22.0,2722.0,37.0,37.0
k3mm,E_2_2_F_2_1_B_2_2_D_2_2_B_1_8_D_1_8_A_2_8_C_2_8_F_1_2__lp3_n_8_f,299.0,1899.0,22.0,2704.0,37.0,37.0
k3mm,E_2_4_F_2_2_B_2_2_D_2_2_B_1_8_D_1_8_A_2_8_C_2_8_F_1_4__lp3_n_8_f,299.0,1954.0,22.0,2775.0,37.0,37.0
k3mm,E_2_4_F_2_1_B_2_2_D_2_2_B_1_8_D_1_8_A_2_8_C_2_8_F_1_4__lp3_n_8_f,299.0,1919.0,22.0,2743.0,37.0,37.0
k3mm,E_2_2_F_2_2_B_2_2_D_2_2_B_1_8_D_1_8_A_2_8_C_2_8_F_1_4__lp3_n_8_f,299.0,1944.0,22.0,2755.0,37.0,37.0
k3mm,E_2_2_F_2_1_B_2_2_D_2_2_B_1_8_D_1_8_A_2_8_C_2_8_F_1_4__lp3_n_8_f,299.0,1909.0,22.0,2723.0,37.0,37.0
k3mm,E_2_8_F_2_2_B_2_2_D_2_2_B_1_8_D_1_8_A_2_8_C_2_8_F_1_8__lp3_n_8_f,301.0,2046.0,22.0,2867.0,37.0,37.0
k3mm,E_2_1_F_2_1_G_2_2_F_1_2__lp6_n_2_f,419.0,600.0,5.0,668.0,13.0,13.0
k3mm,E_2_8_F_2_1_B_2_2_D_2_2_B_1_8_D_1_8_A_2_8_C_2_8_F_1_8__lp3_n_8_f,301.0,1975.0,22.0,2811.0,37.0,37.0
k3mm,E_2_2_F_2_2_B_2_2_D_2_2_B_1_8_D_1_8_A_2_8_C_2_8_F_1_8__lp3_n_8_f,300.0,2008.0,22.0,2813.0,37.0,37.0
k3mm,E_2_2_F_2_1_B_2_2_D_2_2_B_1_8_D_1_8_A_2_8_C_2_8_F_1_8__lp3_n_8_f,300.0,1937.0,22.0,2757.0,37.0,37.0
k3mm,E_2_64_F_2_2_B_2_2_D_2_2_B_1_8_D_1_8_A_2_8_C_2_8_F_1_64__lp3_n_8_f,301.0,2979.0,22.0,3667.0,37.0,37.0
k3mm,E_2_64_F_2_1_B_2_2_D_2_2_B_1_8_D_1_8_A_2_8_C_2_8_F_1_64__lp3_n_8_f,301.0,2403.0,22.0,3411.0,37.0,37.0
k3mm,E_2_2_F_2_2_B_2_2_D_2_2_B_1_8_D_1_8_A_2_8_C_2_8_F_1_64__lp3_n_8_f,300.0,2727.0,22.0,3322.0,37.0,37.0
k3mm,E_2_2_F_2_1_B_2_2_D_2_2_B_1_8_D_1_8_A_2_8_C_2_8_F_1_64__lp3_n_8_f,300.0,2151.0,22.0,3066.0,37.0,37.0
k3mm,E_2_4_F_2_2_B_2_1_D_2_1_B_1_1_D_1_1_A_2_1_C_2_1_F_1_4__lp3_n_1_f,579.0,976.0,10.0,1128.0,9.0,9.0
k3mm,E_2_4_F_2_2_G_2_2_F_1_4__lp6_n_4_f,339.0,1040.0,14.0,1270.0,21.0,21.0
k3mm,E_2_4_F_2_1_G_2_2_F_1_4__lp6_n_4_f,339.0,1005.0,14.0,1271.0,21.0,21.0
k3mm,E_2_1_F_2_2_B_2_1_D_2_1_B_1_1_D_1_1_A_2_1_C_2_1_F_1_4__lp3_n_1_f,579.0,958.0,10.0,1098.0,9.0,9.0
k3mm,E_2_1_F_2_2_G_2_2_F_1_4__lp6_n_4_f,339.0,744.0,5.0,779.0,21.0,21.0
k3mm,E_2_1_F_2_1_G_2_2_F_1_4__lp6_n_4_f,339.0,709.0,5.0,781.0,21.0,21.0
k3mm,E_2_2_F_2_1_B_2_1_D_2_1_B_1_1_D_1_1_A_2_1_C_2_1_F_1_2__lp3_n_1_f,579.0,921.0,10.0,1057.0,9.0,9.0
k3mm,E_2_8_F_2_2_B_2_1_D_2_1_B_1_1_D_1_1_A_2_1_C_2_1_F_1_8__lp3_n_1_f,581.0,1056.0,10.0,1220.0,9.0,9.0
k3mm,E_2_8_F_2_2_G_2_2_F_1_8__lp6_n_8_f,299.0,1323.0,17.0,1718.0,37.0,37.0
k3mm,E_2_8_F_2_1_G_2_2_F_1_8__lp6_n_8_f,299.0,1122.0,14.0,1560.0,37.0,37.0
k3mm,E_2_1_F_2_2_B_2_1_D_2_1_B_1_1_D_1_1_A_2_1_C_2_1_F_1_8__lp3_n_1_f,580.0,1016.0,10.0,1156.0,9.0,9.0
